method,K,seed,n_support,fit_s,acc,macro_f1,params
abl-grid-nodes,1,1,2,11.77,0.6923693973729068,0.5767170005102001,1121316
abl-grid-nodes,1,2,2,11.67,0.6220796149603931,0.5504036300479622,1121316
abl-grid-nodes,1,3,2,12.16,0.6243858417727866,0.5722077457498869,1121316
abl-grid-nodes,2,1,4,12.27,0.6790333901534142,0.5837254475868656,1121316
abl-grid-nodes,2,2,4,11.96,0.696380226611852,0.5765673555615307,1121316
abl-grid-nodes,2,3,4,11.9,0.44470069186804373,0.4359384114985465,1121316
abl-grid-nodes,4,1,8,14.83,0.6245863832347338,0.5135344039953148,1121316
abl-grid-nodes,4,2,8,11.85,0.6046325077709817,0.5506743602910587,1121316
abl-grid-nodes,4,3,8,12.28,0.6000200541461947,0.5603423420263266,1121316
abl-grid-nodes,8,1,16,11.75,0.7404993482402487,0.5359818210740116,1121316
abl-grid-nodes,8,2,16,12.38,0.5268224205354457,0.4979917306310688,1121316
abl-grid-nodes,8,3,16,12.05,0.6647949463551589,0.582858693752687,1121316
abl-grid-nodes,16,1,32,11.78,0.6951769778401684,0.5979146572072165,1121316
abl-grid-nodes,16,2,32,11.74,0.6640930512383435,0.5763338928523458,1121316
abl-grid-nodes,16,3,32,12.16,0.6729168755640229,0.6017034037712157,1121316
abl-grid-nodes,full,1,2138,65.05,0.7885290283766169,0.6671786907592373,1121316
abl-grid-nodes,full,2,2138,66.98,0.8000601624385841,0.6599954438461215,1121316
abl-grid-nodes,full,3,2138,67.98,0.7922390454226411,0.7019533139920828,1121316
