method,K,seed,n_support,acc,macro_f1
EfficientNetB0-finetune,1,1,2,0.3958688458838865,0.3892269060442688
EfficientNetB0-finetune,1,2,2,0.6597814098064775,0.49813386341463284
EfficientNetB0-finetune,1,3,2,0.3158528025669307,0.3011199054270815
EfficientNetB0-finetune,2,1,4,0.5100772084628497,0.45941733695792053
EfficientNetB0-finetune,2,2,4,0.37751930211571244,0.37737656802342057
EfficientNetB0-finetune,2,3,4,0.4220395066680036,0.4021508535321918
EfficientNetB0-finetune,4,1,8,0.5602125739496641,0.5043914500072062
EfficientNetB0-finetune,4,2,8,0.6217788027674722,0.5682008035853258
EfficientNetB0-finetune,4,3,8,0.4762859721247368,0.4641312034985954
EfficientNetB0-finetune,8,1,16,0.48581169156723153,0.4641086889732113
EfficientNetB0-finetune,8,2,16,0.6395267221498044,0.5634177454368317
EfficientNetB0-finetune,8,3,16,0.6592800561516093,0.5510307349802835
EfficientNetB0-finetune,16,1,32,0.5189010327885291,0.4722541550464421
EfficientNetB0-finetune,16,2,32,0.5412614057956483,0.48660584158065245
EfficientNetB0-finetune,16,3,32,0.4958387646645944,0.47495471632112246
EfficientNetB0-finetune,full,1,2138,0.8539055449714228,0.7842744825410057
EfficientNetB0-finetune,full,2,2138,0.8399679133660884,0.7614761547905672
EfficientNetB0-finetune,full,3,2138,0.8366589792439587,0.7651927102284368
