method,K,seed,n_support,fit_s,acc,macro_f1
PlantCaFoLite-clip,1,1,4,3.9,0.8289542827115082,0.8162254703482074
PlantCaFoLite-clip,1,2,4,1.8,0.7966368891224382,0.737212951081352
PlantCaFoLite-clip,1,3,4,1.53,0.8738833420914346,0.8379688787390509
PlantCaFoLite-clip,2,1,8,1.84,0.8778244876510772,0.8595065533334496
PlantCaFoLite-clip,2,2,8,1.26,0.9075144508670521,0.8870280046410997
PlantCaFoLite-clip,2,3,8,2.33,0.8815028901734104,0.8556776688931824
PlantCaFoLite-clip,4,1,16,1.85,0.9230162900683132,0.9207476404073195
PlantCaFoLite-clip,4,2,16,1.74,0.8997635312664214,0.8765598915606018
PlantCaFoLite-clip,4,3,16,2.55,0.9018654755648975,0.8759269367996954
PlantCaFoLite-clip,8,1,32,2.38,0.9587493431424067,0.9532507459948566
PlantCaFoLite-clip,8,2,32,2.61,0.9450867052023122,0.9336145990030806
PlantCaFoLite-clip,8,3,32,1.85,0.9231476615869679,0.9028799810701689
PlantCaFoLite-clip,16,1,64,1.55,0.9509984235417761,0.9404829922817792
PlantCaFoLite-clip,16,2,64,2.03,0.9372044140830268,0.9190561981071523
PlantCaFoLite-clip,16,3,64,1.32,0.9747766684182869,0.9709434444640115
PlantCaFoLite-clip,full,1,1812,5.89,0.976353126642144,0.972635289972945
PlantCaFoLite-clip,full,2,1772,6.92,0.9682080924855492,0.9637752498683619
PlantCaFoLite-clip,full,3,1762,12.33,0.970966894377299,0.9661882368442196
