path,reason,kept_twin
2. Unhealthy/2. White Onion/1. Single/Onion14939.jpg,exact duplicate (identical bytes),2. Unhealthy/2. White Onion/1. Single/Onion14702.jpg
2. Unhealthy/2. White Onion/1. Single/Onion14944.jpg,exact duplicate (identical bytes),2. Unhealthy/2. White Onion/1. Single/Onion14883.jpg
2. Unhealthy/2. White Onion/1. Single/Onion14955.jpg,exact duplicate (identical bytes),2. Unhealthy/2. White Onion/1. Single/Onion14691.jpg
2. Unhealthy/2. White Onion/1. Single/Onion14977.jpg,exact duplicate (identical bytes),2. Unhealthy/2. White Onion/1. Single/Onion14281.jpg
2. Unhealthy/2. White Onion/1. Single/Onion14900.jpg,exact duplicate (identical bytes),2. Unhealthy/2. White Onion/1. Single/Onion14817.jpg
2. Unhealthy/2. White Onion/1. Single/Onion14997.jpg,exact duplicate (identical bytes),2. Unhealthy/2. White Onion/1. Single/Onion14863.jpg
2. Unhealthy/2. White Onion/2. Multiple/Onion16200.jpg,exact duplicate (identical bytes),2. Unhealthy/2. White Onion/2. Multiple/Onion16091.jpg
2. Unhealthy/2. White Onion/1. Single/Onion14891.jpg,exact duplicate (identical bytes),2. Unhealthy/2. White Onion/1. Single/Onion14733.jpg
2. Unhealthy/2. White Onion/2. Multiple/Onion15683.jpg,exact duplicate (identical bytes),2. Unhealthy/2. White Onion/2. Multiple/Onion15545.jpg
2. Unhealthy/2. White Onion/2. Multiple/Onion15737.jpg,exact duplicate (identical bytes),2. Unhealthy/2. White Onion/2. Multiple/Onion15293.jpg
2. Unhealthy/2. White Onion/2. Multiple/Onion15744.jpg,exact duplicate (identical bytes),2. Unhealthy/2. White Onion/2. Multiple/Onion15293.jpg
1. Healthy/2. White Onion/1. Single/Onion11150.jpg,exact duplicate (identical bytes),1. Healthy/2. White Onion/1. Single/Onion08243.jpg
2. Unhealthy/2. White Onion/1. Single/Onion15142.jpg,exact duplicate (identical bytes),2. Unhealthy/2. White Onion/1. Single/Onion14785.jpg
2. Unhealthy/2. White Onion/1. Single/Onion14809.jpg,exact duplicate (identical bytes),2. Unhealthy/2. White Onion/1. Single/Onion14644.jpg
2. Unhealthy/2. White Onion/2. Multiple/Onion16170.jpg,exact duplicate (identical bytes),2. Unhealthy/2. White Onion/2. Multiple/Onion15383.jpg
2. Unhealthy/2. White Onion/1. Single/Onion14713.jpg,exact duplicate (identical bytes),2. Unhealthy/2. White Onion/1. Single/Onion14619.jpg
2. Unhealthy/2. White Onion/2. Multiple/Onion16270.jpg,exact duplicate (identical bytes),2. Unhealthy/2. White Onion/2. Multiple/Onion15713.jpg
2. Unhealthy/2. White Onion/1. Single/Onion14931.jpg,exact duplicate (identical bytes),2. Unhealthy/2. White Onion/1. Single/Onion14608.jpg
2. Unhealthy/2. White Onion/1. Single/Onion14682.jpg,exact duplicate (identical bytes),2. Unhealthy/2. White Onion/1. Single/Onion14543.jpg
2. Unhealthy/2. White Onion/2. Multiple/Onion15934.jpg,exact duplicate (identical bytes),2. Unhealthy/2. White Onion/2. Multiple/Onion15495.jpg
2. Unhealthy/2. White Onion/1. Single/Onion15051.jpg,exact duplicate (identical bytes),2. Unhealthy/2. White Onion/1. Single/Onion14954.jpg
2. Unhealthy/2. White Onion/1. Single/Onion14962.jpg,exact duplicate (identical bytes),2. Unhealthy/2. White Onion/1. Single/Onion14701.jpg
2. Unhealthy/2. White Onion/1. Single/Onion15058.jpg,exact duplicate (identical bytes),2. Unhealthy/2. White Onion/1. Single/Onion15040.jpg
2. Unhealthy/2. White Onion/2. Multiple/Onion16263.jpg,exact duplicate (identical bytes),2. Unhealthy/2. White Onion/2. Multiple/Onion15703.jpg
2. Unhealthy/2. White Onion/2. Multiple/Onion16212.jpg,exact duplicate (identical bytes),2. Unhealthy/2. White Onion/2. Multiple/Onion15458.jpg
2. Unhealthy/2. White Onion/1. Single/Onion15105.jpg,exact duplicate (identical bytes),2. Unhealthy/2. White Onion/1. Single/Onion14786.jpg
2. Unhealthy/2. White Onion/1. Single/Onion14793.jpg,exact duplicate (identical bytes),2. Unhealthy/2. White Onion/1. Single/Onion14742.jpg
1. Healthy/1. Red Onion/1. Single/Onion04505.jpg,"near-identical re-shot (verified, CLIP >= 0.99)",1. Healthy/1. Red Onion/1. Single/Onion04081.jpg
1. Healthy/1. Red Onion/1. Single/Onion04566.jpg,"near-identical re-shot (verified, CLIP >= 0.99)",1. Healthy/1. Red Onion/1. Single/Onion04271.jpg
1. Healthy/1. Red Onion/1. Single/Onion04667.jpg,"near-identical re-shot (verified, CLIP >= 0.99)",1. Healthy/1. Red Onion/1. Single/Onion04428.jpg
1. Healthy/1. Red Onion/1. Single/Onion04801.jpg,"near-identical re-shot (verified, CLIP >= 0.99)",1. Healthy/1. Red Onion/1. Single/Onion04764.jpg
1. Healthy/1. Red Onion/1. Single/Onion04830.jpg,"near-identical re-shot (verified, CLIP >= 0.99)",1. Healthy/1. Red Onion/1. Single/Onion04161.jpg
1. Healthy/1. Red Onion/1. Single/Onion04930.jpg,"near-identical re-shot (verified, CLIP >= 0.99)",1. Healthy/1. Red Onion/1. Single/Onion04161.jpg
1. Healthy/1. Red Onion/1. Single/Onion04977.jpg,"near-identical re-shot (verified, CLIP >= 0.99)",1. Healthy/1. Red Onion/1. Single/Onion04862.jpg
1. Healthy/1. Red Onion/1. Single/Onion05105.jpg,"near-identical re-shot (verified, CLIP >= 0.99)",1. Healthy/1. Red Onion/1. Single/Onion04309.jpg
1. Healthy/1. Red Onion/1. Single/Onion05122.jpg,"near-identical re-shot (verified, CLIP >= 0.99)",1. Healthy/1. Red Onion/1. Single/Onion04316.jpg
1. Healthy/1. Red Onion/1. Single/Onion05178.jpg,"near-identical re-shot (verified, CLIP >= 0.99)",1. Healthy/1. Red Onion/1. Single/Onion05071.jpg
1. Healthy/1. Red Onion/1. Single/Onion05252.jpg,"near-identical re-shot (verified, CLIP >= 0.99)",1. Healthy/1. Red Onion/1. Single/Onion04124.jpg
1. Healthy/1. Red Onion/1. Single/Onion05263.jpg,"near-identical re-shot (verified, CLIP >= 0.99)",1. Healthy/1. Red Onion/1. Single/Onion04846.jpg
1. Healthy/1. Red Onion/1. Single/Onion05290.jpg,"near-identical re-shot (verified, CLIP >= 0.99)",1. Healthy/1. Red Onion/1. Single/Onion04547.jpg
1. Healthy/1. Red Onion/1. Single/Onion05299.jpg,"near-identical re-shot (verified, CLIP >= 0.99)",1. Healthy/1. Red Onion/1. Single/Onion04285.jpg
1. Healthy/1. Red Onion/1. Single/Onion05301.jpg,"near-identical re-shot (verified, CLIP >= 0.99)",1. Healthy/1. Red Onion/1. Single/Onion04744.jpg
1. Healthy/1. Red Onion/1. Single/Onion05307.jpg,"near-identical re-shot (verified, CLIP >= 0.99)",1. Healthy/1. Red Onion/1. Single/Onion05243.jpg
1. Healthy/1. Red Onion/1. Single/Onion05342.jpg,"near-identical re-shot (verified, CLIP >= 0.99)",1. Healthy/1. Red Onion/1. Single/Onion04161.jpg
1. Healthy/1. Red Onion/1. Single/Onion05356.jpg,"near-identical re-shot (verified, CLIP >= 0.99)",1. Healthy/1. Red Onion/1. Single/Onion04122.jpg
1. Healthy/1. Red Onion/1. Single/Onion05440.jpg,"near-identical re-shot (verified, CLIP >= 0.99)",1. Healthy/1. Red Onion/1. Single/Onion05314.jpg
1. Healthy/1. Red Onion/1. Single/Onion05509.jpg,"near-identical re-shot (verified, CLIP >= 0.99)",1. Healthy/1. Red Onion/1. Single/Onion04285.jpg
1. Healthy/1. Red Onion/1. Single/Onion05641.jpg,"near-identical re-shot (verified, CLIP >= 0.99)",1. Healthy/1. Red Onion/1. Single/Onion04989.jpg
1. Healthy/1. Red Onion/1. Single/Onion05684.jpg,"near-identical re-shot (verified, CLIP >= 0.99)",1. Healthy/1. Red Onion/1. Single/Onion05614.jpg
1. Healthy/1. Red Onion/1. Single/Onion05692.jpg,"near-identical re-shot (verified, CLIP >= 0.99)",1. Healthy/1. Red Onion/1. Single/Onion05293.jpg
1. Healthy/1. Red Onion/1. Single/Onion05709.jpg,"near-identical re-shot (verified, CLIP >= 0.99)",1. Healthy/1. Red Onion/1. Single/Onion04309.jpg
1. Healthy/1. Red Onion/1. Single/Onion05759.jpg,"near-identical re-shot (verified, CLIP >= 0.99)",1. Healthy/1. Red Onion/1. Single/Onion04661.jpg
1. Healthy/1. Red Onion/1. Single/Onion05912.jpg,"near-identical re-shot (verified, CLIP >= 0.99)",1. Healthy/1. Red Onion/1. Single/Onion04285.jpg
1. Healthy/1. Red Onion/1. Single/Onion05940.jpg,"near-identical re-shot (verified, CLIP >= 0.99)",1. Healthy/1. Red Onion/1. Single/Onion05832.jpg
1. Healthy/1. Red Onion/1. Single/Onion05966.jpg,"near-identical re-shot (verified, CLIP >= 0.99)",1. Healthy/1. Red Onion/1. Single/Onion05622.jpg
1. Healthy/1. Red Onion/1. Single/Onion05967.jpg,"near-identical re-shot (verified, CLIP >= 0.99)",1. Healthy/1. Red Onion/1. Single/Onion05482.jpg
1. Healthy/1. Red Onion/1. Single/Onion05968.jpg,"near-identical re-shot (verified, CLIP >= 0.99)",1. Healthy/1. Red Onion/1. Single/Onion04410.jpg
1. Healthy/1. Red Onion/1. Single/Onion06088.jpg,"near-identical re-shot (verified, CLIP >= 0.99)",1. Healthy/1. Red Onion/1. Single/Onion06033.jpg
1. Healthy/1. Red Onion/1. Single/Onion06134.jpg,"near-identical re-shot (verified, CLIP >= 0.99)",1. Healthy/1. Red Onion/1. Single/Onion05501.jpg
1. Healthy/1. Red Onion/1. Single/Onion06143.jpg,"near-identical re-shot (verified, CLIP >= 0.99)",1. Healthy/1. Red Onion/1. Single/Onion04081.jpg
1. Healthy/1. Red Onion/1. Single/Onion06168.jpg,"near-identical re-shot (verified, CLIP >= 0.99)",1. Healthy/1. Red Onion/1. Single/Onion05702.jpg
1. Healthy/1. Red Onion/1. Single/Onion06218.jpg,"near-identical re-shot (verified, CLIP >= 0.99)",1. Healthy/1. Red Onion/1. Single/Onion04268.jpg
1. Healthy/1. Red Onion/1. Single/Onion06222.jpg,"near-identical re-shot (verified, CLIP >= 0.99)",1. Healthy/1. Red Onion/1. Single/Onion04313.jpg
1. Healthy/1. Red Onion/1. Single/Onion06314.jpg,"near-identical re-shot (verified, CLIP >= 0.99)",1. Healthy/1. Red Onion/1. Single/Onion05239.jpg
1. Healthy/1. Red Onion/1. Single/Onion06323.jpg,"near-identical re-shot (verified, CLIP >= 0.99)",1. Healthy/1. Red Onion/1. Single/Onion04881.jpg
1. Healthy/1. Red Onion/1. Single/Onion06346.jpg,"near-identical re-shot (verified, CLIP >= 0.99)",1. Healthy/1. Red Onion/1. Single/Onion04285.jpg
1. Healthy/1. Red Onion/1. Single/Onion06473.jpg,"near-identical re-shot (verified, CLIP >= 0.99)",1. Healthy/1. Red Onion/1. Single/Onion05613.jpg
1. Healthy/1. Red Onion/1. Single/Onion06489.jpg,"near-identical re-shot (verified, CLIP >= 0.99)",1. Healthy/1. Red Onion/1. Single/Onion04818.jpg
1. Healthy/1. Red Onion/1. Single/Onion06538.jpg,"near-identical re-shot (verified, CLIP >= 0.99)",1. Healthy/1. Red Onion/1. Single/Onion06461.jpg
1. Healthy/1. Red Onion/1. Single/Onion06602.jpg,"near-identical re-shot (verified, CLIP >= 0.99)",1. Healthy/1. Red Onion/1. Single/Onion05043.jpg
1. Healthy/1. Red Onion/1. Single/Onion06612.jpg,"near-identical re-shot (verified, CLIP >= 0.99)",1. Healthy/1. Red Onion/1. Single/Onion04322.jpg
1. Healthy/1. Red Onion/1. Single/Onion06649.jpg,"near-identical re-shot (verified, CLIP >= 0.99)",1. Healthy/1. Red Onion/1. Single/Onion05701.jpg
1. Healthy/1. Red Onion/1. Single/Onion06749.jpg,"near-identical re-shot (verified, CLIP >= 0.99)",1. Healthy/1. Red Onion/1. Single/Onion04323.jpg
1. Healthy/1. Red Onion/1. Single/Onion06792.jpg,"near-identical re-shot (verified, CLIP >= 0.99)",1. Healthy/1. Red Onion/1. Single/Onion06084.jpg
1. Healthy/1. Red Onion/1. Single/Onion06810.jpg,"near-identical re-shot (verified, CLIP >= 0.99)",1. Healthy/1. Red Onion/1. Single/Onion05865.jpg
1. Healthy/1. Red Onion/1. Single/Onion06868.jpg,"near-identical re-shot (verified, CLIP >= 0.99)",1. Healthy/1. Red Onion/1. Single/Onion05088.jpg
1. Healthy/1. Red Onion/1. Single/Onion06875.jpg,"near-identical re-shot (verified, CLIP >= 0.99)",1. Healthy/1. Red Onion/1. Single/Onion05200.jpg
1. Healthy/1. Red Onion/1. Single/Onion06904.jpg,"near-identical re-shot (verified, CLIP >= 0.99)",1. Healthy/1. Red Onion/1. Single/Onion05702.jpg
1. Healthy/1. Red Onion/1. Single/Onion06916.jpg,"near-identical re-shot (verified, CLIP >= 0.99)",1. Healthy/1. Red Onion/1. Single/Onion05268.jpg
1. Healthy/1. Red Onion/1. Single/Onion06935.jpg,"near-identical re-shot (verified, CLIP >= 0.99)",1. Healthy/1. Red Onion/1. Single/Onion06597.jpg
1. Healthy/1. Red Onion/1. Single/Onion06936.jpg,"near-identical re-shot (verified, CLIP >= 0.99)",1. Healthy/1. Red Onion/1. Single/Onion06214.jpg
1. Healthy/1. Red Onion/1. Single/Onion07000.jpg,"near-identical re-shot (verified, CLIP >= 0.99)",1. Healthy/1. Red Onion/1. Single/Onion05214.jpg
1. Healthy/1. Red Onion/1. Single/Onion07015.jpg,"near-identical re-shot (verified, CLIP >= 0.99)",1. Healthy/1. Red Onion/1. Single/Onion04429.jpg
1. Healthy/1. Red Onion/2. Multiple/Onion07071.jpg,"near-identical re-shot (verified, CLIP >= 0.99)",1. Healthy/1. Red Onion/2. Multiple/Onion07052.jpg
1. Healthy/1. Red Onion/2. Multiple/Onion07097.jpg,"near-identical re-shot (verified, CLIP >= 0.99)",1. Healthy/1. Red Onion/2. Multiple/Onion07085.jpg
1. Healthy/1. Red Onion/2. Multiple/Onion07108.jpg,"near-identical re-shot (verified, CLIP >= 0.99)",1. Healthy/1. Red Onion/2. Multiple/Onion07041.jpg
1. Healthy/1. Red Onion/2. Multiple/Onion07112.jpg,"near-identical re-shot (verified, CLIP >= 0.99)",1. Healthy/1. Red Onion/2. Multiple/Onion07109.jpg
1. Healthy/1. Red Onion/2. Multiple/Onion07134.jpg,"near-identical re-shot (verified, CLIP >= 0.99)",1. Healthy/1. Red Onion/2. Multiple/Onion07078.jpg
1. Healthy/1. Red Onion/2. Multiple/Onion07154.jpg,"near-identical re-shot (verified, CLIP >= 0.99)",1. Healthy/1. Red Onion/2. Multiple/Onion07111.jpg
1. Healthy/1. Red Onion/2. Multiple/Onion07165.jpg,"near-identical re-shot (verified, CLIP >= 0.99)",1. Healthy/1. Red Onion/2. Multiple/Onion07093.jpg
1. Healthy/1. Red Onion/2. Multiple/Onion07170.jpg,"near-identical re-shot (verified, CLIP >= 0.99)",1. Healthy/1. Red Onion/2. Multiple/Onion07075.jpg
1. Healthy/1. Red Onion/2. Multiple/Onion07176.jpg,"near-identical re-shot (verified, CLIP >= 0.99)",1. Healthy/1. Red Onion/2. Multiple/Onion07078.jpg
1. Healthy/1. Red Onion/2. Multiple/Onion07201.jpg,"near-identical re-shot (verified, CLIP >= 0.99)",1. Healthy/1. Red Onion/2. Multiple/Onion07088.jpg
1. Healthy/1. Red Onion/2. Multiple/Onion07205.jpg,"near-identical re-shot (verified, CLIP >= 0.99)",1. Healthy/1. Red Onion/2. Multiple/Onion07193.jpg
1. Healthy/1. Red Onion/2. Multiple/Onion07206.jpg,"near-identical re-shot (verified, CLIP >= 0.99)",1. Healthy/1. Red Onion/2. Multiple/Onion07137.jpg
1. Healthy/1. Red Onion/2. Multiple/Onion07209.jpg,"near-identical re-shot (verified, CLIP >= 0.99)",1. Healthy/1. Red Onion/2. Multiple/Onion07056.jpg
1. Healthy/1. Red Onion/2. Multiple/Onion07212.jpg,"near-identical re-shot (verified, CLIP >= 0.99)",1. Healthy/1. Red Onion/2. Multiple/Onion07191.jpg
1. Healthy/1. Red Onion/2. Multiple/Onion07222.jpg,"near-identical re-shot (verified, CLIP >= 0.99)",1. Healthy/1. Red Onion/2. Multiple/Onion07216.jpg
1. Healthy/1. Red Onion/2. Multiple/Onion07229.jpg,"near-identical re-shot (verified, CLIP >= 0.99)",1. Healthy/1. Red Onion/2. Multiple/Onion07073.jpg
1. Healthy/1. Red Onion/2. Multiple/Onion07234.jpg,"near-identical re-shot (verified, CLIP >= 0.99)",1. Healthy/1. Red Onion/2. Multiple/Onion07056.jpg
1. Healthy/1. Red Onion/2. Multiple/Onion07245.jpg,"near-identical re-shot (verified, CLIP >= 0.99)",1. Healthy/1. Red Onion/2. Multiple/Onion07127.jpg
1. Healthy/1. Red Onion/2. Multiple/Onion07254.jpg,"near-identical re-shot (verified, CLIP >= 0.99)",1. Healthy/1. Red Onion/2. Multiple/Onion07117.jpg
1. Healthy/1. Red Onion/2. Multiple/Onion07267.jpg,"near-identical re-shot (verified, CLIP >= 0.99)",1. Healthy/1. Red Onion/2. Multiple/Onion07084.jpg
1. Healthy/1. Red Onion/2. Multiple/Onion07269.jpg,"near-identical re-shot (verified, CLIP >= 0.99)",1. Healthy/1. Red Onion/2. Multiple/Onion07244.jpg
1. Healthy/1. Red Onion/2. Multiple/Onion07280.jpg,"near-identical re-shot (verified, CLIP >= 0.99)",1. Healthy/1. Red Onion/2. Multiple/Onion07046.jpg
1. Healthy/1. Red Onion/2. Multiple/Onion07285.jpg,"near-identical re-shot (verified, CLIP >= 0.99)",1. Healthy/1. Red Onion/2. Multiple/Onion07231.jpg
1. Healthy/1. Red Onion/2. Multiple/Onion07296.jpg,"near-identical re-shot (verified, CLIP >= 0.99)",1. Healthy/1. Red Onion/2. Multiple/Onion07094.jpg
1. Healthy/1. Red Onion/2. Multiple/Onion07322.jpg,"near-identical re-shot (verified, CLIP >= 0.99)",1. Healthy/1. Red Onion/2. Multiple/Onion07224.jpg
1. Healthy/1. Red Onion/2. Multiple/Onion07324.jpg,"near-identical re-shot (verified, CLIP >= 0.99)",1. Healthy/1. Red Onion/2. Multiple/Onion07078.jpg
1. Healthy/1. Red Onion/2. Multiple/Onion07329.jpg,"near-identical re-shot (verified, CLIP >= 0.99)",1. Healthy/1. Red Onion/2. Multiple/Onion07221.jpg
1. Healthy/1. Red Onion/2. Multiple/Onion07330.jpg,"near-identical re-shot (verified, CLIP >= 0.99)",1. Healthy/1. Red Onion/2. Multiple/Onion07313.jpg
1. Healthy/1. Red Onion/2. Multiple/Onion07333.jpg,"near-identical re-shot (verified, CLIP >= 0.99)",1. Healthy/1. Red Onion/2. Multiple/Onion07128.jpg
1. Healthy/1. Red Onion/2. Multiple/Onion07338.jpg,"near-identical re-shot (verified, CLIP >= 0.99)",1. Healthy/1. Red Onion/2. Multiple/Onion07233.jpg
1. Healthy/1. Red Onion/2. Multiple/Onion07339.jpg,"near-identical re-shot (verified, CLIP >= 0.99)",1. Healthy/1. Red Onion/2. Multiple/Onion07169.jpg
1. Healthy/1. Red Onion/2. Multiple/Onion07352.jpg,"near-identical re-shot (verified, CLIP >= 0.99)",1. Healthy/1. Red Onion/2. Multiple/Onion07155.jpg
1. Healthy/1. Red Onion/2. Multiple/Onion07353.jpg,"near-identical re-shot (verified, CLIP >= 0.99)",1. Healthy/1. Red Onion/2. Multiple/Onion07094.jpg
1. Healthy/1. Red Onion/2. Multiple/Onion07354.jpg,"near-identical re-shot (verified, CLIP >= 0.99)",1. Healthy/1. Red Onion/2. Multiple/Onion07341.jpg
1. Healthy/1. Red Onion/2. Multiple/Onion07376.jpg,"near-identical re-shot (verified, CLIP >= 0.99)",1. Healthy/1. Red Onion/2. Multiple/Onion07116.jpg
1. Healthy/1. Red Onion/2. Multiple/Onion07377.jpg,"near-identical re-shot (verified, CLIP >= 0.99)",1. Healthy/1. Red Onion/2. Multiple/Onion07181.jpg
1. Healthy/1. Red Onion/2. Multiple/Onion07383.jpg,"near-identical re-shot (verified, CLIP >= 0.99)",1. Healthy/1. Red Onion/2. Multiple/Onion07056.jpg
1. Healthy/1. Red Onion/2. Multiple/Onion07395.jpg,"near-identical re-shot (verified, CLIP >= 0.99)",1. Healthy/1. Red Onion/2. Multiple/Onion07196.jpg
1. Healthy/1. Red Onion/2. Multiple/Onion07399.jpg,"near-identical re-shot (verified, CLIP >= 0.99)",1. Healthy/1. Red Onion/2. Multiple/Onion07052.jpg
1. Healthy/1. Red Onion/2. Multiple/Onion07400.jpg,"near-identical re-shot (verified, CLIP >= 0.99)",1. Healthy/1. Red Onion/2. Multiple/Onion07328.jpg
1. Healthy/1. Red Onion/2. Multiple/Onion07409.jpg,"near-identical re-shot (verified, CLIP >= 0.99)",1. Healthy/1. Red Onion/2. Multiple/Onion07248.jpg
1. Healthy/1. Red Onion/2. Multiple/Onion07411.jpg,"near-identical re-shot (verified, CLIP >= 0.99)",1. Healthy/1. Red Onion/2. Multiple/Onion07256.jpg
1. Healthy/1. Red Onion/2. Multiple/Onion07431.jpg,"near-identical re-shot (verified, CLIP >= 0.99)",1. Healthy/1. Red Onion/2. Multiple/Onion07398.jpg
1. Healthy/1. Red Onion/2. Multiple/Onion07457.jpg,"near-identical re-shot (verified, CLIP >= 0.99)",1. Healthy/1. Red Onion/2. Multiple/Onion07362.jpg
1. Healthy/1. Red Onion/2. Multiple/Onion07458.jpg,"near-identical re-shot (verified, CLIP >= 0.99)",1. Healthy/1. Red Onion/2. Multiple/Onion07410.jpg
1. Healthy/1. Red Onion/2. Multiple/Onion07478.jpg,"near-identical re-shot (verified, CLIP >= 0.99)",1. Healthy/1. Red Onion/2. Multiple/Onion07109.jpg
1. Healthy/1. Red Onion/2. Multiple/Onion07481.jpg,"near-identical re-shot (verified, CLIP >= 0.99)",1. Healthy/1. Red Onion/2. Multiple/Onion07313.jpg
1. Healthy/1. Red Onion/2. Multiple/Onion07487.jpg,"near-identical re-shot (verified, CLIP >= 0.99)",1. Healthy/1. Red Onion/2. Multiple/Onion07410.jpg
1. Healthy/1. Red Onion/2. Multiple/Onion07489.jpg,"near-identical re-shot (verified, CLIP >= 0.99)",1. Healthy/1. Red Onion/2. Multiple/Onion07248.jpg
1. Healthy/1. Red Onion/2. Multiple/Onion07494.jpg,"near-identical re-shot (verified, CLIP >= 0.99)",1. Healthy/1. Red Onion/2. Multiple/Onion07437.jpg
1. Healthy/1. Red Onion/2. Multiple/Onion07495.jpg,"near-identical re-shot (verified, CLIP >= 0.99)",1. Healthy/1. Red Onion/2. Multiple/Onion07102.jpg
1. Healthy/1. Red Onion/2. Multiple/Onion07497.jpg,"near-identical re-shot (verified, CLIP >= 0.99)",1. Healthy/1. Red Onion/2. Multiple/Onion07197.jpg
1. Healthy/1. Red Onion/2. Multiple/Onion07501.jpg,"near-identical re-shot (verified, CLIP >= 0.99)",1. Healthy/1. Red Onion/2. Multiple/Onion07393.jpg
1. Healthy/1. Red Onion/2. Multiple/Onion07506.jpg,"near-identical re-shot (verified, CLIP >= 0.99)",1. Healthy/1. Red Onion/2. Multiple/Onion07128.jpg
1. Healthy/1. Red Onion/2. Multiple/Onion07511.jpg,"near-identical re-shot (verified, CLIP >= 0.99)",1. Healthy/1. Red Onion/2. Multiple/Onion07211.jpg
1. Healthy/1. Red Onion/2. Multiple/Onion07516.jpg,"near-identical re-shot (verified, CLIP >= 0.99)",1. Healthy/1. Red Onion/2. Multiple/Onion07417.jpg
1. Healthy/1. Red Onion/2. Multiple/Onion07518.jpg,"near-identical re-shot (verified, CLIP >= 0.99)",1. Healthy/1. Red Onion/2. Multiple/Onion07113.jpg
1. Healthy/1. Red Onion/2. Multiple/Onion07520.jpg,"near-identical re-shot (verified, CLIP >= 0.99)",1. Healthy/1. Red Onion/2. Multiple/Onion07233.jpg
1. Healthy/1. Red Onion/2. Multiple/Onion07523.jpg,"near-identical re-shot (verified, CLIP >= 0.99)",1. Healthy/1. Red Onion/2. Multiple/Onion07252.jpg
1. Healthy/1. Red Onion/2. Multiple/Onion07524.jpg,"near-identical re-shot (verified, CLIP >= 0.99)",1. Healthy/1. Red Onion/2. Multiple/Onion07483.jpg
1. Healthy/1. Red Onion/2. Multiple/Onion07536.jpg,"near-identical re-shot (verified, CLIP >= 0.99)",1. Healthy/1. Red Onion/2. Multiple/Onion07068.jpg
1. Healthy/1. Red Onion/2. Multiple/Onion07542.jpg,"near-identical re-shot (verified, CLIP >= 0.99)",1. Healthy/1. Red Onion/2. Multiple/Onion07204.jpg
1. Healthy/1. Red Onion/2. Multiple/Onion07543.jpg,"near-identical re-shot (verified, CLIP >= 0.99)",1. Healthy/1. Red Onion/2. Multiple/Onion07169.jpg
1. Healthy/1. Red Onion/2. Multiple/Onion07545.jpg,"near-identical re-shot (verified, CLIP >= 0.99)",1. Healthy/1. Red Onion/2. Multiple/Onion07459.jpg
1. Healthy/1. Red Onion/2. Multiple/Onion07546.jpg,"near-identical re-shot (verified, CLIP >= 0.99)",1. Healthy/1. Red Onion/2. Multiple/Onion07169.jpg
1. Healthy/1. Red Onion/2. Multiple/Onion07549.jpg,"near-identical re-shot (verified, CLIP >= 0.99)",1. Healthy/1. Red Onion/2. Multiple/Onion07396.jpg
1. Healthy/1. Red Onion/2. Multiple/Onion07555.jpg,"near-identical re-shot (verified, CLIP >= 0.99)",1. Healthy/1. Red Onion/2. Multiple/Onion07147.jpg
1. Healthy/1. Red Onion/2. Multiple/Onion07557.jpg,"near-identical re-shot (verified, CLIP >= 0.99)",1. Healthy/1. Red Onion/2. Multiple/Onion07155.jpg
1. Healthy/1. Red Onion/2. Multiple/Onion07562.jpg,"near-identical re-shot (verified, CLIP >= 0.99)",1. Healthy/1. Red Onion/2. Multiple/Onion07256.jpg
1. Healthy/1. Red Onion/2. Multiple/Onion07563.jpg,"near-identical re-shot (verified, CLIP >= 0.99)",1. Healthy/1. Red Onion/2. Multiple/Onion07471.jpg
1. Healthy/1. Red Onion/2. Multiple/Onion07567.jpg,"near-identical re-shot (verified, CLIP >= 0.99)",1. Healthy/1. Red Onion/2. Multiple/Onion07103.jpg
1. Healthy/1. Red Onion/2. Multiple/Onion07571.jpg,"near-identical re-shot (verified, CLIP >= 0.99)",1. Healthy/1. Red Onion/2. Multiple/Onion07081.jpg
1. Healthy/1. Red Onion/2. Multiple/Onion07574.jpg,"near-identical re-shot (verified, CLIP >= 0.99)",1. Healthy/1. Red Onion/2. Multiple/Onion07440.jpg
1. Healthy/1. Red Onion/2. Multiple/Onion07575.jpg,"near-identical re-shot (verified, CLIP >= 0.99)",1. Healthy/1. Red Onion/2. Multiple/Onion07141.jpg
1. Healthy/1. Red Onion/2. Multiple/Onion07581.jpg,"near-identical re-shot (verified, CLIP >= 0.99)",1. Healthy/1. Red Onion/2. Multiple/Onion07256.jpg
1. Healthy/1. Red Onion/2. Multiple/Onion07587.jpg,"near-identical re-shot (verified, CLIP >= 0.99)",1. Healthy/1. Red Onion/2. Multiple/Onion07151.jpg
1. Healthy/1. Red Onion/2. Multiple/Onion07593.jpg,"near-identical re-shot (verified, CLIP >= 0.99)",1. Healthy/1. Red Onion/2. Multiple/Onion07140.jpg
1. Healthy/1. Red Onion/2. Multiple/Onion07594.jpg,"near-identical re-shot (verified, CLIP >= 0.99)",1. Healthy/1. Red Onion/2. Multiple/Onion07117.jpg
1. Healthy/1. Red Onion/2. Multiple/Onion07597.jpg,"near-identical re-shot (verified, CLIP >= 0.99)",1. Healthy/1. Red Onion/2. Multiple/Onion07093.jpg
1. Healthy/1. Red Onion/2. Multiple/Onion07599.jpg,"near-identical re-shot (verified, CLIP >= 0.99)",1. Healthy/1. Red Onion/2. Multiple/Onion07256.jpg
1. Healthy/1. Red Onion/2. Multiple/Onion07603.jpg,"near-identical re-shot (verified, CLIP >= 0.99)",1. Healthy/1. Red Onion/2. Multiple/Onion07210.jpg
1. Healthy/1. Red Onion/2. Multiple/Onion07605.jpg,"near-identical re-shot (verified, CLIP >= 0.99)",1. Healthy/1. Red Onion/2. Multiple/Onion07061.jpg
1. Healthy/1. Red Onion/2. Multiple/Onion07612.jpg,"near-identical re-shot (verified, CLIP >= 0.99)",1. Healthy/1. Red Onion/2. Multiple/Onion07132.jpg
1. Healthy/1. Red Onion/2. Multiple/Onion07616.jpg,"near-identical re-shot (verified, CLIP >= 0.99)",1. Healthy/1. Red Onion/2. Multiple/Onion07226.jpg
1. Healthy/1. Red Onion/2. Multiple/Onion07622.jpg,"near-identical re-shot (verified, CLIP >= 0.99)",1. Healthy/1. Red Onion/2. Multiple/Onion07341.jpg
1. Healthy/1. Red Onion/2. Multiple/Onion07623.jpg,"near-identical re-shot (verified, CLIP >= 0.99)",1. Healthy/1. Red Onion/2. Multiple/Onion07077.jpg
1. Healthy/1. Red Onion/2. Multiple/Onion07625.jpg,"near-identical re-shot (verified, CLIP >= 0.99)",1. Healthy/1. Red Onion/2. Multiple/Onion07073.jpg
1. Healthy/1. Red Onion/2. Multiple/Onion07626.jpg,"near-identical re-shot (verified, CLIP >= 0.99)",1. Healthy/1. Red Onion/2. Multiple/Onion07613.jpg
1. Healthy/1. Red Onion/2. Multiple/Onion07633.jpg,"near-identical re-shot (verified, CLIP >= 0.99)",1. Healthy/1. Red Onion/2. Multiple/Onion07197.jpg
1. Healthy/1. Red Onion/2. Multiple/Onion07634.jpg,"near-identical re-shot (verified, CLIP >= 0.99)",1. Healthy/1. Red Onion/2. Multiple/Onion07507.jpg
1. Healthy/1. Red Onion/2. Multiple/Onion07643.jpg,"near-identical re-shot (verified, CLIP >= 0.99)",1. Healthy/1. Red Onion/2. Multiple/Onion07579.jpg
1. Healthy/1. Red Onion/2. Multiple/Onion07646.jpg,"near-identical re-shot (verified, CLIP >= 0.99)",1. Healthy/1. Red Onion/2. Multiple/Onion07117.jpg
1. Healthy/1. Red Onion/2. Multiple/Onion07654.jpg,"near-identical re-shot (verified, CLIP >= 0.99)",1. Healthy/1. Red Onion/2. Multiple/Onion07479.jpg
1. Healthy/1. Red Onion/2. Multiple/Onion07656.jpg,"near-identical re-shot (verified, CLIP >= 0.99)",1. Healthy/1. Red Onion/2. Multiple/Onion07200.jpg
1. Healthy/1. Red Onion/2. Multiple/Onion07659.jpg,"near-identical re-shot (verified, CLIP >= 0.99)",1. Healthy/1. Red Onion/2. Multiple/Onion07519.jpg
1. Healthy/1. Red Onion/2. Multiple/Onion07660.jpg,"near-identical re-shot (verified, CLIP >= 0.99)",1. Healthy/1. Red Onion/2. Multiple/Onion07169.jpg
1. Healthy/1. Red Onion/2. Multiple/Onion07668.jpg,"near-identical re-shot (verified, CLIP >= 0.99)",1. Healthy/1. Red Onion/2. Multiple/Onion07058.jpg
1. Healthy/1. Red Onion/2. Multiple/Onion07671.jpg,"near-identical re-shot (verified, CLIP >= 0.99)",1. Healthy/1. Red Onion/2. Multiple/Onion07341.jpg
1. Healthy/1. Red Onion/2. Multiple/Onion07677.jpg,"near-identical re-shot (verified, CLIP >= 0.99)",1. Healthy/1. Red Onion/2. Multiple/Onion07530.jpg
1. Healthy/1. Red Onion/2. Multiple/Onion07692.jpg,"near-identical re-shot (verified, CLIP >= 0.99)",1. Healthy/1. Red Onion/2. Multiple/Onion07077.jpg
1. Healthy/1. Red Onion/2. Multiple/Onion07702.jpg,"near-identical re-shot (verified, CLIP >= 0.99)",1. Healthy/1. Red Onion/2. Multiple/Onion07419.jpg
1. Healthy/1. Red Onion/2. Multiple/Onion07714.jpg,"near-identical re-shot (verified, CLIP >= 0.99)",1. Healthy/1. Red Onion/2. Multiple/Onion07539.jpg
1. Healthy/1. Red Onion/2. Multiple/Onion07717.jpg,"near-identical re-shot (verified, CLIP >= 0.99)",1. Healthy/1. Red Onion/2. Multiple/Onion07380.jpg
1. Healthy/1. Red Onion/2. Multiple/Onion07718.jpg,"near-identical re-shot (verified, CLIP >= 0.99)",1. Healthy/1. Red Onion/2. Multiple/Onion07204.jpg
1. Healthy/1. Red Onion/2. Multiple/Onion07724.jpg,"near-identical re-shot (verified, CLIP >= 0.99)",1. Healthy/1. Red Onion/2. Multiple/Onion07336.jpg
1. Healthy/1. Red Onion/2. Multiple/Onion07726.jpg,"near-identical re-shot (verified, CLIP >= 0.99)",1. Healthy/1. Red Onion/2. Multiple/Onion07712.jpg
1. Healthy/1. Red Onion/2. Multiple/Onion07735.jpg,"near-identical re-shot (verified, CLIP >= 0.99)",1. Healthy/1. Red Onion/2. Multiple/Onion07522.jpg
1. Healthy/1. Red Onion/2. Multiple/Onion07743.jpg,"near-identical re-shot (verified, CLIP >= 0.99)",1. Healthy/1. Red Onion/2. Multiple/Onion07343.jpg
1. Healthy/1. Red Onion/2. Multiple/Onion07744.jpg,"near-identical re-shot (verified, CLIP >= 0.99)",1. Healthy/1. Red Onion/2. Multiple/Onion07244.jpg
1. Healthy/1. Red Onion/2. Multiple/Onion07745.jpg,"near-identical re-shot (verified, CLIP >= 0.99)",1. Healthy/1. Red Onion/2. Multiple/Onion07342.jpg
1. Healthy/1. Red Onion/2. Multiple/Onion07748.jpg,"near-identical re-shot (verified, CLIP >= 0.99)",1. Healthy/1. Red Onion/2. Multiple/Onion07522.jpg
1. Healthy/1. Red Onion/2. Multiple/Onion07752.jpg,"near-identical re-shot (verified, CLIP >= 0.99)",1. Healthy/1. Red Onion/2. Multiple/Onion07696.jpg
1. Healthy/1. Red Onion/2. Multiple/Onion07753.jpg,"near-identical re-shot (verified, CLIP >= 0.99)",1. Healthy/1. Red Onion/2. Multiple/Onion07537.jpg
1. Healthy/1. Red Onion/2. Multiple/Onion07757.jpg,"near-identical re-shot (verified, CLIP >= 0.99)",1. Healthy/1. Red Onion/2. Multiple/Onion07470.jpg
1. Healthy/1. Red Onion/2. Multiple/Onion07766.jpg,"near-identical re-shot (verified, CLIP >= 0.99)",1. Healthy/1. Red Onion/2. Multiple/Onion07242.jpg
1. Healthy/1. Red Onion/2. Multiple/Onion07770.jpg,"near-identical re-shot (verified, CLIP >= 0.99)",1. Healthy/1. Red Onion/2. Multiple/Onion07436.jpg
1. Healthy/1. Red Onion/2. Multiple/Onion07771.jpg,"near-identical re-shot (verified, CLIP >= 0.99)",1. Healthy/1. Red Onion/2. Multiple/Onion07057.jpg
1. Healthy/1. Red Onion/2. Multiple/Onion07777.jpg,"near-identical re-shot (verified, CLIP >= 0.99)",1. Healthy/1. Red Onion/2. Multiple/Onion07249.jpg
1. Healthy/1. Red Onion/2. Multiple/Onion07780.jpg,"near-identical re-shot (verified, CLIP >= 0.99)",1. Healthy/1. Red Onion/2. Multiple/Onion07551.jpg
1. Healthy/1. Red Onion/2. Multiple/Onion07781.jpg,"near-identical re-shot (verified, CLIP >= 0.99)",1. Healthy/1. Red Onion/2. Multiple/Onion07248.jpg
1. Healthy/1. Red Onion/2. Multiple/Onion07782.jpg,"near-identical re-shot (verified, CLIP >= 0.99)",1. Healthy/1. Red Onion/2. Multiple/Onion07445.jpg
1. Healthy/1. Red Onion/2. Multiple/Onion07788.jpg,"near-identical re-shot (verified, CLIP >= 0.99)",1. Healthy/1. Red Onion/2. Multiple/Onion07068.jpg
1. Healthy/1. Red Onion/2. Multiple/Onion07796.jpg,"near-identical re-shot (verified, CLIP >= 0.99)",1. Healthy/1. Red Onion/2. Multiple/Onion07145.jpg
1. Healthy/1. Red Onion/2. Multiple/Onion07798.jpg,"near-identical re-shot (verified, CLIP >= 0.99)",1. Healthy/1. Red Onion/2. Multiple/Onion07083.jpg
1. Healthy/1. Red Onion/2. Multiple/Onion07800.jpg,"near-identical re-shot (verified, CLIP >= 0.99)",1. Healthy/1. Red Onion/2. Multiple/Onion07256.jpg
1. Healthy/1. Red Onion/2. Multiple/Onion07803.jpg,"near-identical re-shot (verified, CLIP >= 0.99)",1. Healthy/1. Red Onion/2. Multiple/Onion07519.jpg
1. Healthy/1. Red Onion/2. Multiple/Onion07804.jpg,"near-identical re-shot (verified, CLIP >= 0.99)",1. Healthy/1. Red Onion/2. Multiple/Onion07712.jpg
1. Healthy/1. Red Onion/2. Multiple/Onion07805.jpg,"near-identical re-shot (verified, CLIP >= 0.99)",1. Healthy/1. Red Onion/2. Multiple/Onion07504.jpg
1. Healthy/1. Red Onion/2. Multiple/Onion07812.jpg,"near-identical re-shot (verified, CLIP >= 0.99)",1. Healthy/1. Red Onion/2. Multiple/Onion07187.jpg
1. Healthy/1. Red Onion/2. Multiple/Onion07813.jpg,"near-identical re-shot (verified, CLIP >= 0.99)",1. Healthy/1. Red Onion/2. Multiple/Onion07113.jpg
1. Healthy/1. Red Onion/2. Multiple/Onion07815.jpg,"near-identical re-shot (verified, CLIP >= 0.99)",1. Healthy/1. Red Onion/2. Multiple/Onion07244.jpg
1. Healthy/1. Red Onion/2. Multiple/Onion07817.jpg,"near-identical re-shot (verified, CLIP >= 0.99)",1. Healthy/1. Red Onion/2. Multiple/Onion07256.jpg
1. Healthy/1. Red Onion/2. Multiple/Onion07825.jpg,"near-identical re-shot (verified, CLIP >= 0.99)",1. Healthy/1. Red Onion/2. Multiple/Onion07238.jpg
1. Healthy/1. Red Onion/2. Multiple/Onion07828.jpg,"near-identical re-shot (verified, CLIP >= 0.99)",1. Healthy/1. Red Onion/2. Multiple/Onion07369.jpg
1. Healthy/1. Red Onion/2. Multiple/Onion07829.jpg,"near-identical re-shot (verified, CLIP >= 0.99)",1. Healthy/1. Red Onion/2. Multiple/Onion07522.jpg
1. Healthy/1. Red Onion/2. Multiple/Onion07839.jpg,"near-identical re-shot (verified, CLIP >= 0.99)",1. Healthy/1. Red Onion/2. Multiple/Onion07579.jpg
1. Healthy/1. Red Onion/2. Multiple/Onion07841.jpg,"near-identical re-shot (verified, CLIP >= 0.99)",1. Healthy/1. Red Onion/2. Multiple/Onion07398.jpg
1. Healthy/1. Red Onion/2. Multiple/Onion07843.jpg,"near-identical re-shot (verified, CLIP >= 0.99)",1. Healthy/1. Red Onion/2. Multiple/Onion07166.jpg
1. Healthy/1. Red Onion/2. Multiple/Onion07850.jpg,"near-identical re-shot (verified, CLIP >= 0.99)",1. Healthy/1. Red Onion/2. Multiple/Onion07573.jpg
1. Healthy/1. Red Onion/2. Multiple/Onion07851.jpg,"near-identical re-shot (verified, CLIP >= 0.99)",1. Healthy/1. Red Onion/2. Multiple/Onion07719.jpg
1. Healthy/1. Red Onion/2. Multiple/Onion07854.jpg,"near-identical re-shot (verified, CLIP >= 0.99)",1. Healthy/1. Red Onion/2. Multiple/Onion07169.jpg
1. Healthy/1. Red Onion/2. Multiple/Onion07856.jpg,"near-identical re-shot (verified, CLIP >= 0.99)",1. Healthy/1. Red Onion/2. Multiple/Onion07128.jpg
1. Healthy/1. Red Onion/2. Multiple/Onion07859.jpg,"near-identical re-shot (verified, CLIP >= 0.99)",1. Healthy/1. Red Onion/2. Multiple/Onion07631.jpg
1. Healthy/1. Red Onion/2. Multiple/Onion07866.jpg,"near-identical re-shot (verified, CLIP >= 0.99)",1. Healthy/1. Red Onion/2. Multiple/Onion07242.jpg
1. Healthy/1. Red Onion/2. Multiple/Onion07867.jpg,"near-identical re-shot (verified, CLIP >= 0.99)",1. Healthy/1. Red Onion/2. Multiple/Onion07465.jpg
1. Healthy/1. Red Onion/2. Multiple/Onion07870.jpg,"near-identical re-shot (verified, CLIP >= 0.99)",1. Healthy/1. Red Onion/2. Multiple/Onion07469.jpg
1. Healthy/1. Red Onion/2. Multiple/Onion07878.jpg,"near-identical re-shot (verified, CLIP >= 0.99)",1. Healthy/1. Red Onion/2. Multiple/Onion07182.jpg
1. Healthy/1. Red Onion/2. Multiple/Onion07881.jpg,"near-identical re-shot (verified, CLIP >= 0.99)",1. Healthy/1. Red Onion/2. Multiple/Onion07346.jpg
1. Healthy/1. Red Onion/2. Multiple/Onion07884.jpg,"near-identical re-shot (verified, CLIP >= 0.99)",1. Healthy/1. Red Onion/2. Multiple/Onion07640.jpg
1. Healthy/1. Red Onion/2. Multiple/Onion07888.jpg,"near-identical re-shot (verified, CLIP >= 0.99)",1. Healthy/1. Red Onion/2. Multiple/Onion07087.jpg
1. Healthy/1. Red Onion/2. Multiple/Onion07891.jpg,"near-identical re-shot (verified, CLIP >= 0.99)",1. Healthy/1. Red Onion/2. Multiple/Onion07256.jpg
1. Healthy/1. Red Onion/2. Multiple/Onion07895.jpg,"near-identical re-shot (verified, CLIP >= 0.99)",1. Healthy/1. Red Onion/2. Multiple/Onion07507.jpg
1. Healthy/1. Red Onion/2. Multiple/Onion07901.jpg,"near-identical re-shot (verified, CLIP >= 0.99)",1. Healthy/1. Red Onion/2. Multiple/Onion07810.jpg
1. Healthy/1. Red Onion/2. Multiple/Onion07903.jpg,"near-identical re-shot (verified, CLIP >= 0.99)",1. Healthy/1. Red Onion/2. Multiple/Onion07382.jpg
1. Healthy/1. Red Onion/2. Multiple/Onion07908.jpg,"near-identical re-shot (verified, CLIP >= 0.99)",1. Healthy/1. Red Onion/2. Multiple/Onion07442.jpg
1. Healthy/1. Red Onion/2. Multiple/Onion07909.jpg,"near-identical re-shot (verified, CLIP >= 0.99)",1. Healthy/1. Red Onion/2. Multiple/Onion07335.jpg
1. Healthy/1. Red Onion/2. Multiple/Onion07912.jpg,"near-identical re-shot (verified, CLIP >= 0.99)",1. Healthy/1. Red Onion/2. Multiple/Onion07270.jpg
1. Healthy/1. Red Onion/2. Multiple/Onion07914.jpg,"near-identical re-shot (verified, CLIP >= 0.99)",1. Healthy/1. Red Onion/2. Multiple/Onion07412.jpg
1. Healthy/1. Red Onion/2. Multiple/Onion07919.jpg,"near-identical re-shot (verified, CLIP >= 0.99)",1. Healthy/1. Red Onion/2. Multiple/Onion07357.jpg
1. Healthy/1. Red Onion/2. Multiple/Onion07921.jpg,"near-identical re-shot (verified, CLIP >= 0.99)",1. Healthy/1. Red Onion/2. Multiple/Onion07465.jpg
1. Healthy/1. Red Onion/2. Multiple/Onion07927.jpg,"near-identical re-shot (verified, CLIP >= 0.99)",1. Healthy/1. Red Onion/2. Multiple/Onion07589.jpg
1. Healthy/1. Red Onion/2. Multiple/Onion07929.jpg,"near-identical re-shot (verified, CLIP >= 0.99)",1. Healthy/1. Red Onion/2. Multiple/Onion07078.jpg
1. Healthy/1. Red Onion/2. Multiple/Onion07930.jpg,"near-identical re-shot (verified, CLIP >= 0.99)",1. Healthy/1. Red Onion/2. Multiple/Onion07171.jpg
1. Healthy/1. Red Onion/2. Multiple/Onion07932.jpg,"near-identical re-shot (verified, CLIP >= 0.99)",1. Healthy/1. Red Onion/2. Multiple/Onion07293.jpg
1. Healthy/1. Red Onion/2. Multiple/Onion07935.jpg,"near-identical re-shot (verified, CLIP >= 0.99)",1. Healthy/1. Red Onion/2. Multiple/Onion07459.jpg
1. Healthy/1. Red Onion/2. Multiple/Onion07938.jpg,"near-identical re-shot (verified, CLIP >= 0.99)",1. Healthy/1. Red Onion/2. Multiple/Onion07408.jpg
1. Healthy/1. Red Onion/2. Multiple/Onion07945.jpg,"near-identical re-shot (verified, CLIP >= 0.99)",1. Healthy/1. Red Onion/2. Multiple/Onion07066.jpg
1. Healthy/1. Red Onion/2. Multiple/Onion07948.jpg,"near-identical re-shot (verified, CLIP >= 0.99)",1. Healthy/1. Red Onion/2. Multiple/Onion07547.jpg
1. Healthy/1. Red Onion/2. Multiple/Onion07953.jpg,"near-identical re-shot (verified, CLIP >= 0.99)",1. Healthy/1. Red Onion/2. Multiple/Onion07218.jpg
1. Healthy/1. Red Onion/2. Multiple/Onion07954.jpg,"near-identical re-shot (verified, CLIP >= 0.99)",1. Healthy/1. Red Onion/2. Multiple/Onion07670.jpg
1. Healthy/1. Red Onion/2. Multiple/Onion07957.jpg,"near-identical re-shot (verified, CLIP >= 0.99)",1. Healthy/1. Red Onion/2. Multiple/Onion07950.jpg
1. Healthy/1. Red Onion/2. Multiple/Onion07958.jpg,"near-identical re-shot (verified, CLIP >= 0.99)",1. Healthy/1. Red Onion/2. Multiple/Onion07382.jpg
1. Healthy/1. Red Onion/2. Multiple/Onion07962.jpg,"near-identical re-shot (verified, CLIP >= 0.99)",1. Healthy/1. Red Onion/2. Multiple/Onion07221.jpg
1. Healthy/1. Red Onion/2. Multiple/Onion07965.jpg,"near-identical re-shot (verified, CLIP >= 0.99)",1. Healthy/1. Red Onion/2. Multiple/Onion07248.jpg
1. Healthy/1. Red Onion/2. Multiple/Onion07966.jpg,"near-identical re-shot (verified, CLIP >= 0.99)",1. Healthy/1. Red Onion/2. Multiple/Onion07456.jpg
1. Healthy/1. Red Onion/2. Multiple/Onion07967.jpg,"near-identical re-shot (verified, CLIP >= 0.99)",1. Healthy/1. Red Onion/2. Multiple/Onion07498.jpg
1. Healthy/1. Red Onion/2. Multiple/Onion07971.jpg,"near-identical re-shot (verified, CLIP >= 0.99)",1. Healthy/1. Red Onion/2. Multiple/Onion07217.jpg
1. Healthy/1. Red Onion/2. Multiple/Onion07973.jpg,"near-identical re-shot (verified, CLIP >= 0.99)",1. Healthy/1. Red Onion/2. Multiple/Onion07875.jpg
1. Healthy/1. Red Onion/2. Multiple/Onion07975.jpg,"near-identical re-shot (verified, CLIP >= 0.99)",1. Healthy/1. Red Onion/2. Multiple/Onion07168.jpg
1. Healthy/1. Red Onion/2. Multiple/Onion07976.jpg,"near-identical re-shot (verified, CLIP >= 0.99)",1. Healthy/1. Red Onion/2. Multiple/Onion07061.jpg
1. Healthy/1. Red Onion/2. Multiple/Onion07977.jpg,"near-identical re-shot (verified, CLIP >= 0.99)",1. Healthy/1. Red Onion/2. Multiple/Onion07648.jpg
1. Healthy/1. Red Onion/2. Multiple/Onion07979.jpg,"near-identical re-shot (verified, CLIP >= 0.99)",1. Healthy/1. Red Onion/2. Multiple/Onion07056.jpg
1. Healthy/1. Red Onion/2. Multiple/Onion07981.jpg,"near-identical re-shot (verified, CLIP >= 0.99)",1. Healthy/1. Red Onion/2. Multiple/Onion07705.jpg
1. Healthy/1. Red Onion/2. Multiple/Onion07982.jpg,"near-identical re-shot (verified, CLIP >= 0.99)",1. Healthy/1. Red Onion/2. Multiple/Onion07169.jpg
1. Healthy/1. Red Onion/2. Multiple/Onion07984.jpg,"near-identical re-shot (verified, CLIP >= 0.99)",1. Healthy/1. Red Onion/2. Multiple/Onion07368.jpg
1. Healthy/1. Red Onion/2. Multiple/Onion07995.jpg,"near-identical re-shot (verified, CLIP >= 0.99)",1. Healthy/1. Red Onion/2. Multiple/Onion07396.jpg
1. Healthy/1. Red Onion/2. Multiple/Onion08004.jpg,"near-identical re-shot (verified, CLIP >= 0.99)",1. Healthy/1. Red Onion/2. Multiple/Onion07604.jpg
1. Healthy/1. Red Onion/2. Multiple/Onion08005.jpg,"near-identical re-shot (verified, CLIP >= 0.99)",1. Healthy/1. Red Onion/2. Multiple/Onion07972.jpg
1. Healthy/1. Red Onion/2. Multiple/Onion08012.jpg,"near-identical re-shot (verified, CLIP >= 0.99)",1. Healthy/1. Red Onion/2. Multiple/Onion07183.jpg
1. Healthy/1. Red Onion/2. Multiple/Onion08015.jpg,"near-identical re-shot (verified, CLIP >= 0.99)",1. Healthy/1. Red Onion/2. Multiple/Onion07087.jpg
1. Healthy/1. Red Onion/2. Multiple/Onion08016.jpg,"near-identical re-shot (verified, CLIP >= 0.99)",1. Healthy/1. Red Onion/2. Multiple/Onion07865.jpg
1. Healthy/1. Red Onion/2. Multiple/Onion08018.jpg,"near-identical re-shot (verified, CLIP >= 0.99)",1. Healthy/1. Red Onion/2. Multiple/Onion07328.jpg
1. Healthy/1. Red Onion/2. Multiple/Onion08020.jpg,"near-identical re-shot (verified, CLIP >= 0.99)",1. Healthy/1. Red Onion/2. Multiple/Onion07833.jpg
1. Healthy/1. Red Onion/2. Multiple/Onion08023.jpg,"near-identical re-shot (verified, CLIP >= 0.99)",1. Healthy/1. Red Onion/2. Multiple/Onion07778.jpg
1. Healthy/1. Red Onion/2. Multiple/Onion08025.jpg,"near-identical re-shot (verified, CLIP >= 0.99)",1. Healthy/1. Red Onion/2. Multiple/Onion07200.jpg
1. Healthy/1. Red Onion/2. Multiple/Onion08028.jpg,"near-identical re-shot (verified, CLIP >= 0.99)",1. Healthy/1. Red Onion/2. Multiple/Onion07436.jpg
1. Healthy/1. Red Onion/2. Multiple/Onion08029.jpg,"near-identical re-shot (verified, CLIP >= 0.99)",1. Healthy/1. Red Onion/2. Multiple/Onion07066.jpg
1. Healthy/1. Red Onion/2. Multiple/Onion08030.jpg,"near-identical re-shot (verified, CLIP >= 0.99)",1. Healthy/1. Red Onion/2. Multiple/Onion07398.jpg
1. Healthy/1. Red Onion/2. Multiple/Onion08032.jpg,"near-identical re-shot (verified, CLIP >= 0.99)",1. Healthy/1. Red Onion/2. Multiple/Onion07468.jpg
1. Healthy/1. Red Onion/2. Multiple/Onion08045.jpg,"near-identical re-shot (verified, CLIP >= 0.99)",1. Healthy/1. Red Onion/2. Multiple/Onion07056.jpg
1. Healthy/1. Red Onion/2. Multiple/Onion08046.jpg,"near-identical re-shot (verified, CLIP >= 0.99)",1. Healthy/1. Red Onion/2. Multiple/Onion07521.jpg
1. Healthy/1. Red Onion/2. Multiple/Onion08052.jpg,"near-identical re-shot (verified, CLIP >= 0.99)",1. Healthy/1. Red Onion/2. Multiple/Onion07361.jpg
1. Healthy/1. Red Onion/2. Multiple/Onion08053.jpg,"near-identical re-shot (verified, CLIP >= 0.99)",1. Healthy/1. Red Onion/2. Multiple/Onion07727.jpg
1. Healthy/1. Red Onion/2. Multiple/Onion08054.jpg,"near-identical re-shot (verified, CLIP >= 0.99)",1. Healthy/1. Red Onion/2. Multiple/Onion07362.jpg
1. Healthy/1. Red Onion/2. Multiple/Onion08059.jpg,"near-identical re-shot (verified, CLIP >= 0.99)",1. Healthy/1. Red Onion/2. Multiple/Onion07216.jpg
1. Healthy/1. Red Onion/2. Multiple/Onion08061.jpg,"near-identical re-shot (verified, CLIP >= 0.99)",1. Healthy/1. Red Onion/2. Multiple/Onion07416.jpg
1. Healthy/1. Red Onion/2. Multiple/Onion08062.jpg,"near-identical re-shot (verified, CLIP >= 0.99)",1. Healthy/1. Red Onion/2. Multiple/Onion07398.jpg
1. Healthy/1. Red Onion/2. Multiple/Onion08065.jpg,"near-identical re-shot (verified, CLIP >= 0.99)",1. Healthy/1. Red Onion/2. Multiple/Onion07522.jpg
1. Healthy/1. Red Onion/2. Multiple/Onion08066.jpg,"near-identical re-shot (verified, CLIP >= 0.99)",1. Healthy/1. Red Onion/2. Multiple/Onion07159.jpg
1. Healthy/1. Red Onion/2. Multiple/Onion08074.jpg,"near-identical re-shot (verified, CLIP >= 0.99)",1. Healthy/1. Red Onion/2. Multiple/Onion07818.jpg
1. Healthy/1. Red Onion/2. Multiple/Onion08075.jpg,"near-identical re-shot (verified, CLIP >= 0.99)",1. Healthy/1. Red Onion/2. Multiple/Onion07493.jpg
1. Healthy/1. Red Onion/2. Multiple/Onion08076.jpg,"near-identical re-shot (verified, CLIP >= 0.99)",1. Healthy/1. Red Onion/2. Multiple/Onion07341.jpg
1. Healthy/1. Red Onion/2. Multiple/Onion08077.jpg,"near-identical re-shot (verified, CLIP >= 0.99)",1. Healthy/1. Red Onion/2. Multiple/Onion07202.jpg
1. Healthy/1. Red Onion/2. Multiple/Onion08080.jpg,"near-identical re-shot (verified, CLIP >= 0.99)",1. Healthy/1. Red Onion/2. Multiple/Onion07483.jpg
1. Healthy/1. Red Onion/2. Multiple/Onion08082.jpg,"near-identical re-shot (verified, CLIP >= 0.99)",1. Healthy/1. Red Onion/2. Multiple/Onion07056.jpg
1. Healthy/1. Red Onion/2. Multiple/Onion08084.jpg,"near-identical re-shot (verified, CLIP >= 0.99)",1. Healthy/1. Red Onion/2. Multiple/Onion07899.jpg
1. Healthy/1. Red Onion/2. Multiple/Onion08086.jpg,"near-identical re-shot (verified, CLIP >= 0.99)",1. Healthy/1. Red Onion/2. Multiple/Onion07696.jpg
1. Healthy/1. Red Onion/2. Multiple/Onion08091.jpg,"near-identical re-shot (verified, CLIP >= 0.99)",1. Healthy/1. Red Onion/2. Multiple/Onion07248.jpg
1. Healthy/1. Red Onion/2. Multiple/Onion08092.jpg,"near-identical re-shot (verified, CLIP >= 0.99)",1. Healthy/1. Red Onion/2. Multiple/Onion07142.jpg
1. Healthy/1. Red Onion/2. Multiple/Onion08093.jpg,"near-identical re-shot (verified, CLIP >= 0.99)",1. Healthy/1. Red Onion/2. Multiple/Onion07200.jpg
1. Healthy/1. Red Onion/2. Multiple/Onion08094.jpg,"near-identical re-shot (verified, CLIP >= 0.99)",1. Healthy/1. Red Onion/2. Multiple/Onion07433.jpg
1. Healthy/1. Red Onion/2. Multiple/Onion08095.jpg,"near-identical re-shot (verified, CLIP >= 0.99)",1. Healthy/1. Red Onion/2. Multiple/Onion07179.jpg
1. Healthy/1. Red Onion/2. Multiple/Onion08097.jpg,"near-identical re-shot (verified, CLIP >= 0.99)",1. Healthy/1. Red Onion/2. Multiple/Onion07259.jpg
1. Healthy/1. Red Onion/2. Multiple/Onion08100.jpg,"near-identical re-shot (verified, CLIP >= 0.99)",1. Healthy/1. Red Onion/2. Multiple/Onion07715.jpg
1. Healthy/1. Red Onion/2. Multiple/Onion08102.jpg,"near-identical re-shot (verified, CLIP >= 0.99)",1. Healthy/1. Red Onion/2. Multiple/Onion07056.jpg
1. Healthy/1. Red Onion/2. Multiple/Onion08108.jpg,"near-identical re-shot (verified, CLIP >= 0.99)",1. Healthy/1. Red Onion/2. Multiple/Onion07080.jpg
1. Healthy/1. Red Onion/2. Multiple/Onion08110.jpg,"near-identical re-shot (verified, CLIP >= 0.99)",1. Healthy/1. Red Onion/2. Multiple/Onion07128.jpg
1. Healthy/1. Red Onion/2. Multiple/Onion08114.jpg,"near-identical re-shot (verified, CLIP >= 0.99)",1. Healthy/1. Red Onion/2. Multiple/Onion07642.jpg
1. Healthy/1. Red Onion/2. Multiple/Onion08115.jpg,"near-identical re-shot (verified, CLIP >= 0.99)",1. Healthy/1. Red Onion/2. Multiple/Onion07696.jpg
1. Healthy/1. Red Onion/2. Multiple/Onion08116.jpg,"near-identical re-shot (verified, CLIP >= 0.99)",1. Healthy/1. Red Onion/2. Multiple/Onion07610.jpg
1. Healthy/1. Red Onion/2. Multiple/Onion08117.jpg,"near-identical re-shot (verified, CLIP >= 0.99)",1. Healthy/1. Red Onion/2. Multiple/Onion07951.jpg
1. Healthy/1. Red Onion/2. Multiple/Onion08119.jpg,"near-identical re-shot (verified, CLIP >= 0.99)",1. Healthy/1. Red Onion/2. Multiple/Onion07440.jpg
1. Healthy/1. Red Onion/2. Multiple/Onion08120.jpg,"near-identical re-shot (verified, CLIP >= 0.99)",1. Healthy/1. Red Onion/2. Multiple/Onion07547.jpg
1. Healthy/1. Red Onion/2. Multiple/Onion08122.jpg,"near-identical re-shot (verified, CLIP >= 0.99)",1. Healthy/1. Red Onion/2. Multiple/Onion07999.jpg
1. Healthy/1. Red Onion/2. Multiple/Onion08124.jpg,"near-identical re-shot (verified, CLIP >= 0.99)",1. Healthy/1. Red Onion/2. Multiple/Onion07169.jpg
1. Healthy/1. Red Onion/2. Multiple/Onion08125.jpg,"near-identical re-shot (verified, CLIP >= 0.99)",1. Healthy/1. Red Onion/2. Multiple/Onion07449.jpg
1. Healthy/1. Red Onion/2. Multiple/Onion08126.jpg,"near-identical re-shot (verified, CLIP >= 0.99)",1. Healthy/1. Red Onion/2. Multiple/Onion07648.jpg
1. Healthy/1. Red Onion/2. Multiple/Onion08130.jpg,"near-identical re-shot (verified, CLIP >= 0.99)",1. Healthy/1. Red Onion/2. Multiple/Onion07590.jpg
1. Healthy/1. Red Onion/2. Multiple/Onion08131.jpg,"near-identical re-shot (verified, CLIP >= 0.99)",1. Healthy/1. Red Onion/2. Multiple/Onion07468.jpg
1. Healthy/1. Red Onion/2. Multiple/Onion08134.jpg,"near-identical re-shot (verified, CLIP >= 0.99)",1. Healthy/1. Red Onion/2. Multiple/Onion07069.jpg
1. Healthy/1. Red Onion/2. Multiple/Onion08136.jpg,"near-identical re-shot (verified, CLIP >= 0.99)",1. Healthy/1. Red Onion/2. Multiple/Onion07374.jpg
1. Healthy/1. Red Onion/2. Multiple/Onion08137.jpg,"near-identical re-shot (verified, CLIP >= 0.99)",1. Healthy/1. Red Onion/2. Multiple/Onion07157.jpg
1. Healthy/1. Red Onion/2. Multiple/Onion08141.jpg,"near-identical re-shot (verified, CLIP >= 0.99)",1. Healthy/1. Red Onion/2. Multiple/Onion07479.jpg
1. Healthy/1. Red Onion/2. Multiple/Onion08143.jpg,"near-identical re-shot (verified, CLIP >= 0.99)",1. Healthy/1. Red Onion/2. Multiple/Onion07326.jpg
1. Healthy/1. Red Onion/2. Multiple/Onion08145.jpg,"near-identical re-shot (verified, CLIP >= 0.99)",1. Healthy/1. Red Onion/2. Multiple/Onion07210.jpg
2. Unhealthy/1. Red Onion/1. Single/Onion12683.jpg,"near-identical re-shot (verified, CLIP >= 0.99)",2. Unhealthy/1. Red Onion/1. Single/Onion12589.jpg
2. Unhealthy/1. Red Onion/1. Single/Onion12823.jpg,"near-identical re-shot (verified, CLIP >= 0.99)",2. Unhealthy/1. Red Onion/1. Single/Onion12506.jpg
2. Unhealthy/1. Red Onion/1. Single/Onion12872.jpg,"near-identical re-shot (verified, CLIP >= 0.99)",2. Unhealthy/1. Red Onion/1. Single/Onion12666.jpg
2. Unhealthy/1. Red Onion/1. Single/Onion13131.jpg,"near-identical re-shot (verified, CLIP >= 0.99)",2. Unhealthy/1. Red Onion/1. Single/Onion12549.jpg
2. Unhealthy/1. Red Onion/1. Single/Onion13170.jpg,"near-identical re-shot (verified, CLIP >= 0.99)",2. Unhealthy/1. Red Onion/1. Single/Onion12993.jpg
2. Unhealthy/1. Red Onion/2. Multiple/Onion13373.jpg,"near-identical re-shot (verified, CLIP >= 0.99)",2. Unhealthy/1. Red Onion/2. Multiple/Onion13305.jpg
2. Unhealthy/1. Red Onion/2. Multiple/Onion13399.jpg,"near-identical re-shot (verified, CLIP >= 0.99)",2. Unhealthy/1. Red Onion/2. Multiple/Onion13376.jpg
2. Unhealthy/1. Red Onion/2. Multiple/Onion13439.jpg,"near-identical re-shot (verified, CLIP >= 0.99)",2. Unhealthy/1. Red Onion/2. Multiple/Onion13277.jpg
2. Unhealthy/1. Red Onion/2. Multiple/Onion13452.jpg,"near-identical re-shot (verified, CLIP >= 0.99)",2. Unhealthy/1. Red Onion/2. Multiple/Onion13289.jpg
2. Unhealthy/1. Red Onion/2. Multiple/Onion13473.jpg,"near-identical re-shot (verified, CLIP >= 0.99)",2. Unhealthy/1. Red Onion/2. Multiple/Onion13307.jpg
2. Unhealthy/1. Red Onion/2. Multiple/Onion13478.jpg,"near-identical re-shot (verified, CLIP >= 0.99)",2. Unhealthy/1. Red Onion/2. Multiple/Onion13458.jpg
2. Unhealthy/1. Red Onion/2. Multiple/Onion13514.jpg,"near-identical re-shot (verified, CLIP >= 0.99)",2. Unhealthy/1. Red Onion/2. Multiple/Onion13422.jpg
2. Unhealthy/1. Red Onion/2. Multiple/Onion13547.jpg,"near-identical re-shot (verified, CLIP >= 0.99)",2. Unhealthy/1. Red Onion/2. Multiple/Onion13540.jpg
2. Unhealthy/1. Red Onion/2. Multiple/Onion13559.jpg,"near-identical re-shot (verified, CLIP >= 0.99)",2. Unhealthy/1. Red Onion/2. Multiple/Onion13458.jpg
2. Unhealthy/1. Red Onion/2. Multiple/Onion13576.jpg,"near-identical re-shot (verified, CLIP >= 0.99)",2. Unhealthy/1. Red Onion/2. Multiple/Onion13433.jpg
2. Unhealthy/1. Red Onion/2. Multiple/Onion13585.jpg,"near-identical re-shot (verified, CLIP >= 0.99)",2. Unhealthy/1. Red Onion/2. Multiple/Onion13472.jpg
2. Unhealthy/1. Red Onion/2. Multiple/Onion13590.jpg,"near-identical re-shot (verified, CLIP >= 0.99)",2. Unhealthy/1. Red Onion/2. Multiple/Onion13295.jpg
2. Unhealthy/1. Red Onion/2. Multiple/Onion13591.jpg,"near-identical re-shot (verified, CLIP >= 0.99)",2. Unhealthy/1. Red Onion/2. Multiple/Onion13503.jpg
2. Unhealthy/1. Red Onion/2. Multiple/Onion13603.jpg,"near-identical re-shot (verified, CLIP >= 0.99)",2. Unhealthy/1. Red Onion/2. Multiple/Onion13323.jpg
2. Unhealthy/1. Red Onion/2. Multiple/Onion13607.jpg,"near-identical re-shot (verified, CLIP >= 0.99)",2. Unhealthy/1. Red Onion/2. Multiple/Onion13305.jpg
2. Unhealthy/1. Red Onion/2. Multiple/Onion13614.jpg,"near-identical re-shot (verified, CLIP >= 0.99)",2. Unhealthy/1. Red Onion/2. Multiple/Onion13574.jpg
2. Unhealthy/1. Red Onion/2. Multiple/Onion13649.jpg,"near-identical re-shot (verified, CLIP >= 0.99)",2. Unhealthy/1. Red Onion/2. Multiple/Onion13534.jpg
2. Unhealthy/1. Red Onion/2. Multiple/Onion13654.jpg,"near-identical re-shot (verified, CLIP >= 0.99)",2. Unhealthy/1. Red Onion/2. Multiple/Onion13638.jpg
2. Unhealthy/1. Red Onion/2. Multiple/Onion13655.jpg,"near-identical re-shot (verified, CLIP >= 0.99)",2. Unhealthy/1. Red Onion/2. Multiple/Onion13322.jpg
2. Unhealthy/1. Red Onion/2. Multiple/Onion13657.jpg,"near-identical re-shot (verified, CLIP >= 0.99)",2. Unhealthy/1. Red Onion/2. Multiple/Onion13338.jpg
2. Unhealthy/1. Red Onion/2. Multiple/Onion13669.jpg,"near-identical re-shot (verified, CLIP >= 0.99)",2. Unhealthy/1. Red Onion/2. Multiple/Onion13435.jpg
2. Unhealthy/1. Red Onion/2. Multiple/Onion13672.jpg,"near-identical re-shot (verified, CLIP >= 0.99)",2. Unhealthy/1. Red Onion/2. Multiple/Onion13634.jpg
2. Unhealthy/1. Red Onion/2. Multiple/Onion13679.jpg,"near-identical re-shot (verified, CLIP >= 0.99)",2. Unhealthy/1. Red Onion/2. Multiple/Onion13298.jpg
2. Unhealthy/1. Red Onion/2. Multiple/Onion13696.jpg,"near-identical re-shot (verified, CLIP >= 0.99)",2. Unhealthy/1. Red Onion/2. Multiple/Onion13348.jpg
2. Unhealthy/1. Red Onion/2. Multiple/Onion13708.jpg,"near-identical re-shot (verified, CLIP >= 0.99)",2. Unhealthy/1. Red Onion/2. Multiple/Onion13372.jpg
2. Unhealthy/1. Red Onion/2. Multiple/Onion13713.jpg,"near-identical re-shot (verified, CLIP >= 0.99)",2. Unhealthy/1. Red Onion/2. Multiple/Onion13466.jpg
2. Unhealthy/1. Red Onion/2. Multiple/Onion13717.jpg,"near-identical re-shot (verified, CLIP >= 0.99)",2. Unhealthy/1. Red Onion/2. Multiple/Onion13322.jpg
2. Unhealthy/1. Red Onion/2. Multiple/Onion13731.jpg,"near-identical re-shot (verified, CLIP >= 0.99)",2. Unhealthy/1. Red Onion/2. Multiple/Onion13348.jpg
2. Unhealthy/1. Red Onion/2. Multiple/Onion13745.jpg,"near-identical re-shot (verified, CLIP >= 0.99)",2. Unhealthy/1. Red Onion/2. Multiple/Onion13682.jpg
2. Unhealthy/1. Red Onion/2. Multiple/Onion13765.jpg,"near-identical re-shot (verified, CLIP >= 0.99)",2. Unhealthy/1. Red Onion/2. Multiple/Onion13411.jpg
2. Unhealthy/1. Red Onion/2. Multiple/Onion13781.jpg,"near-identical re-shot (verified, CLIP >= 0.99)",2. Unhealthy/1. Red Onion/2. Multiple/Onion13312.jpg
2. Unhealthy/1. Red Onion/2. Multiple/Onion13791.jpg,"near-identical re-shot (verified, CLIP >= 0.99)",2. Unhealthy/1. Red Onion/2. Multiple/Onion13315.jpg
2. Unhealthy/1. Red Onion/2. Multiple/Onion13793.jpg,"near-identical re-shot (verified, CLIP >= 0.99)",2. Unhealthy/1. Red Onion/2. Multiple/Onion13690.jpg
2. Unhealthy/1. Red Onion/2. Multiple/Onion13799.jpg,"near-identical re-shot (verified, CLIP >= 0.99)",2. Unhealthy/1. Red Onion/2. Multiple/Onion13372.jpg
2. Unhealthy/1. Red Onion/2. Multiple/Onion13810.jpg,"near-identical re-shot (verified, CLIP >= 0.99)",2. Unhealthy/1. Red Onion/2. Multiple/Onion13495.jpg
2. Unhealthy/1. Red Onion/2. Multiple/Onion13825.jpg,"near-identical re-shot (verified, CLIP >= 0.99)",2. Unhealthy/1. Red Onion/2. Multiple/Onion13459.jpg
2. Unhealthy/1. Red Onion/2. Multiple/Onion13830.jpg,"near-identical re-shot (verified, CLIP >= 0.99)",2. Unhealthy/1. Red Onion/2. Multiple/Onion13332.jpg
2. Unhealthy/1. Red Onion/2. Multiple/Onion13868.jpg,"near-identical re-shot (verified, CLIP >= 0.99)",2. Unhealthy/1. Red Onion/2. Multiple/Onion13813.jpg
2. Unhealthy/1. Red Onion/2. Multiple/Onion13875.jpg,"near-identical re-shot (verified, CLIP >= 0.99)",2. Unhealthy/1. Red Onion/2. Multiple/Onion13697.jpg
2. Unhealthy/1. Red Onion/2. Multiple/Onion13885.jpg,"near-identical re-shot (verified, CLIP >= 0.99)",2. Unhealthy/1. Red Onion/2. Multiple/Onion13403.jpg
2. Unhealthy/1. Red Onion/2. Multiple/Onion13890.jpg,"near-identical re-shot (verified, CLIP >= 0.99)",2. Unhealthy/1. Red Onion/2. Multiple/Onion13453.jpg
2. Unhealthy/1. Red Onion/2. Multiple/Onion13892.jpg,"near-identical re-shot (verified, CLIP >= 0.99)",2. Unhealthy/1. Red Onion/2. Multiple/Onion13663.jpg
2. Unhealthy/1. Red Onion/2. Multiple/Onion13894.jpg,"near-identical re-shot (verified, CLIP >= 0.99)",2. Unhealthy/1. Red Onion/2. Multiple/Onion13449.jpg
2. Unhealthy/1. Red Onion/2. Multiple/Onion13901.jpg,"near-identical re-shot (verified, CLIP >= 0.99)",2. Unhealthy/1. Red Onion/2. Multiple/Onion13539.jpg
2. Unhealthy/1. Red Onion/2. Multiple/Onion13904.jpg,"near-identical re-shot (verified, CLIP >= 0.99)",2. Unhealthy/1. Red Onion/2. Multiple/Onion13565.jpg
2. Unhealthy/1. Red Onion/2. Multiple/Onion13919.jpg,"near-identical re-shot (verified, CLIP >= 0.99)",2. Unhealthy/1. Red Onion/2. Multiple/Onion13360.jpg
2. Unhealthy/1. Red Onion/2. Multiple/Onion13929.jpg,"near-identical re-shot (verified, CLIP >= 0.99)",2. Unhealthy/1. Red Onion/2. Multiple/Onion13663.jpg
2. Unhealthy/1. Red Onion/2. Multiple/Onion13938.jpg,"near-identical re-shot (verified, CLIP >= 0.99)",2. Unhealthy/1. Red Onion/2. Multiple/Onion13321.jpg
2. Unhealthy/1. Red Onion/2. Multiple/Onion13944.jpg,"near-identical re-shot (verified, CLIP >= 0.99)",2. Unhealthy/1. Red Onion/2. Multiple/Onion13849.jpg
2. Unhealthy/1. Red Onion/2. Multiple/Onion13945.jpg,"near-identical re-shot (verified, CLIP >= 0.99)",2. Unhealthy/1. Red Onion/2. Multiple/Onion13312.jpg
2. Unhealthy/1. Red Onion/2. Multiple/Onion13952.jpg,"near-identical re-shot (verified, CLIP >= 0.99)",2. Unhealthy/1. Red Onion/2. Multiple/Onion13485.jpg
2. Unhealthy/1. Red Onion/2. Multiple/Onion13967.jpg,"near-identical re-shot (verified, CLIP >= 0.99)",2. Unhealthy/1. Red Onion/2. Multiple/Onion13659.jpg
2. Unhealthy/1. Red Onion/2. Multiple/Onion13968.jpg,"near-identical re-shot (verified, CLIP >= 0.99)",2. Unhealthy/1. Red Onion/2. Multiple/Onion13936.jpg
2. Unhealthy/1. Red Onion/2. Multiple/Onion13977.jpg,"near-identical re-shot (verified, CLIP >= 0.99)",2. Unhealthy/1. Red Onion/2. Multiple/Onion13512.jpg
2. Unhealthy/1. Red Onion/2. Multiple/Onion13987.jpg,"near-identical re-shot (verified, CLIP >= 0.99)",2. Unhealthy/1. Red Onion/2. Multiple/Onion13502.jpg
2. Unhealthy/1. Red Onion/2. Multiple/Onion14017.jpg,"near-identical re-shot (verified, CLIP >= 0.99)",2. Unhealthy/1. Red Onion/2. Multiple/Onion13828.jpg
2. Unhealthy/1. Red Onion/2. Multiple/Onion14024.jpg,"near-identical re-shot (verified, CLIP >= 0.99)",2. Unhealthy/1. Red Onion/2. Multiple/Onion13566.jpg
2. Unhealthy/1. Red Onion/2. Multiple/Onion14026.jpg,"near-identical re-shot (verified, CLIP >= 0.99)",2. Unhealthy/1. Red Onion/2. Multiple/Onion13884.jpg
2. Unhealthy/1. Red Onion/2. Multiple/Onion14047.jpg,"near-identical re-shot (verified, CLIP >= 0.99)",2. Unhealthy/1. Red Onion/2. Multiple/Onion13937.jpg
2. Unhealthy/1. Red Onion/2. Multiple/Onion14053.jpg,"near-identical re-shot (verified, CLIP >= 0.99)",2. Unhealthy/1. Red Onion/2. Multiple/Onion13770.jpg
2. Unhealthy/1. Red Onion/2. Multiple/Onion14058.jpg,"near-identical re-shot (verified, CLIP >= 0.99)",2. Unhealthy/1. Red Onion/2. Multiple/Onion14048.jpg
2. Unhealthy/1. Red Onion/2. Multiple/Onion14073.jpg,"near-identical re-shot (verified, CLIP >= 0.99)",2. Unhealthy/1. Red Onion/2. Multiple/Onion13531.jpg
2. Unhealthy/1. Red Onion/2. Multiple/Onion14074.jpg,"near-identical re-shot (verified, CLIP >= 0.99)",2. Unhealthy/1. Red Onion/2. Multiple/Onion13687.jpg
2. Unhealthy/1. Red Onion/2. Multiple/Onion14079.jpg,"near-identical re-shot (verified, CLIP >= 0.99)",2. Unhealthy/1. Red Onion/2. Multiple/Onion13454.jpg
2. Unhealthy/1. Red Onion/2. Multiple/Onion14083.jpg,"near-identical re-shot (verified, CLIP >= 0.99)",2. Unhealthy/1. Red Onion/2. Multiple/Onion14027.jpg
2. Unhealthy/1. Red Onion/2. Multiple/Onion14089.jpg,"near-identical re-shot (verified, CLIP >= 0.99)",2. Unhealthy/1. Red Onion/2. Multiple/Onion14086.jpg
2. Unhealthy/1. Red Onion/2. Multiple/Onion14100.jpg,"near-identical re-shot (verified, CLIP >= 0.99)",2. Unhealthy/1. Red Onion/2. Multiple/Onion13667.jpg
2. Unhealthy/1. Red Onion/2. Multiple/Onion14107.jpg,"near-identical re-shot (verified, CLIP >= 0.99)",2. Unhealthy/1. Red Onion/2. Multiple/Onion13523.jpg
2. Unhealthy/1. Red Onion/2. Multiple/Onion14109.jpg,"near-identical re-shot (verified, CLIP >= 0.99)",2. Unhealthy/1. Red Onion/2. Multiple/Onion13837.jpg
2. Unhealthy/1. Red Onion/2. Multiple/Onion14110.jpg,"near-identical re-shot (verified, CLIP >= 0.99)",2. Unhealthy/1. Red Onion/2. Multiple/Onion13488.jpg
2. Unhealthy/1. Red Onion/2. Multiple/Onion14118.jpg,"near-identical re-shot (verified, CLIP >= 0.99)",2. Unhealthy/1. Red Onion/2. Multiple/Onion13996.jpg
2. Unhealthy/1. Red Onion/2. Multiple/Onion14121.jpg,"near-identical re-shot (verified, CLIP >= 0.99)",2. Unhealthy/1. Red Onion/2. Multiple/Onion13853.jpg
2. Unhealthy/1. Red Onion/2. Multiple/Onion14131.jpg,"near-identical re-shot (verified, CLIP >= 0.99)",2. Unhealthy/1. Red Onion/2. Multiple/Onion13323.jpg
2. Unhealthy/1. Red Onion/2. Multiple/Onion14136.jpg,"near-identical re-shot (verified, CLIP >= 0.99)",2. Unhealthy/1. Red Onion/2. Multiple/Onion13532.jpg
2. Unhealthy/1. Red Onion/2. Multiple/Onion14137.jpg,"near-identical re-shot (verified, CLIP >= 0.99)",2. Unhealthy/1. Red Onion/2. Multiple/Onion13596.jpg
2. Unhealthy/1. Red Onion/2. Multiple/Onion14139.jpg,"near-identical re-shot (verified, CLIP >= 0.99)",2. Unhealthy/1. Red Onion/2. Multiple/Onion13864.jpg
2. Unhealthy/1. Red Onion/2. Multiple/Onion14151.jpg,"near-identical re-shot (verified, CLIP >= 0.99)",2. Unhealthy/1. Red Onion/2. Multiple/Onion13583.jpg
2. Unhealthy/1. Red Onion/2. Multiple/Onion14157.jpg,"near-identical re-shot (verified, CLIP >= 0.99)",2. Unhealthy/1. Red Onion/2. Multiple/Onion13345.jpg
2. Unhealthy/1. Red Onion/2. Multiple/Onion14162.jpg,"near-identical re-shot (verified, CLIP >= 0.99)",2. Unhealthy/1. Red Onion/2. Multiple/Onion13758.jpg
2. Unhealthy/1. Red Onion/2. Multiple/Onion14168.jpg,"near-identical re-shot (verified, CLIP >= 0.99)",2. Unhealthy/1. Red Onion/2. Multiple/Onion13565.jpg
2. Unhealthy/1. Red Onion/2. Multiple/Onion14170.jpg,"near-identical re-shot (verified, CLIP >= 0.99)",2. Unhealthy/1. Red Onion/2. Multiple/Onion13870.jpg
2. Unhealthy/1. Red Onion/2. Multiple/Onion14177.jpg,"near-identical re-shot (verified, CLIP >= 0.99)",2. Unhealthy/1. Red Onion/2. Multiple/Onion14169.jpg
2. Unhealthy/1. Red Onion/2. Multiple/Onion14183.jpg,"near-identical re-shot (verified, CLIP >= 0.99)",2. Unhealthy/1. Red Onion/2. Multiple/Onion13921.jpg
2. Unhealthy/1. Red Onion/2. Multiple/Onion14201.jpg,"near-identical re-shot (verified, CLIP >= 0.99)",2. Unhealthy/1. Red Onion/2. Multiple/Onion14015.jpg
2. Unhealthy/1. Red Onion/2. Multiple/Onion14222.jpg,"near-identical re-shot (verified, CLIP >= 0.99)",2. Unhealthy/1. Red Onion/2. Multiple/Onion13424.jpg
2. Unhealthy/1. Red Onion/2. Multiple/Onion14224.jpg,"near-identical re-shot (verified, CLIP >= 0.99)",2. Unhealthy/1. Red Onion/2. Multiple/Onion13927.jpg
2. Unhealthy/1. Red Onion/2. Multiple/Onion14227.jpg,"near-identical re-shot (verified, CLIP >= 0.99)",2. Unhealthy/1. Red Onion/2. Multiple/Onion13963.jpg
2. Unhealthy/1. Red Onion/2. Multiple/Onion14229.jpg,"near-identical re-shot (verified, CLIP >= 0.99)",2. Unhealthy/1. Red Onion/2. Multiple/Onion13739.jpg
2. Unhealthy/1. Red Onion/2. Multiple/Onion14234.jpg,"near-identical re-shot (verified, CLIP >= 0.99)",2. Unhealthy/1. Red Onion/2. Multiple/Onion13567.jpg
2. Unhealthy/1. Red Onion/2. Multiple/Onion14250.jpg,"near-identical re-shot (verified, CLIP >= 0.99)",2. Unhealthy/1. Red Onion/2. Multiple/Onion13608.jpg
2. Unhealthy/1. Red Onion/2. Multiple/Onion14254.jpg,"near-identical re-shot (verified, CLIP >= 0.99)",2. Unhealthy/1. Red Onion/2. Multiple/Onion13609.jpg
2. Unhealthy/1. Red Onion/2. Multiple/Onion14256.jpg,"near-identical re-shot (verified, CLIP >= 0.99)",2. Unhealthy/1. Red Onion/2. Multiple/Onion14001.jpg
2. Unhealthy/1. Red Onion/2. Multiple/Onion14257.jpg,"near-identical re-shot (verified, CLIP >= 0.99)",2. Unhealthy/1. Red Onion/2. Multiple/Onion14193.jpg
2. Unhealthy/1. Red Onion/2. Multiple/Onion14258.jpg,"near-identical re-shot (verified, CLIP >= 0.99)",2. Unhealthy/1. Red Onion/2. Multiple/Onion13742.jpg
2. Unhealthy/1. Red Onion/2. Multiple/Onion14259.jpg,"near-identical re-shot (verified, CLIP >= 0.99)",2. Unhealthy/1. Red Onion/2. Multiple/Onion13293.jpg
2. Unhealthy/1. Red Onion/2. Multiple/Onion14261.jpg,"near-identical re-shot (verified, CLIP >= 0.99)",2. Unhealthy/1. Red Onion/2. Multiple/Onion13758.jpg
2. Unhealthy/1. Red Onion/2. Multiple/Onion14265.jpg,"near-identical re-shot (verified, CLIP >= 0.99)",2. Unhealthy/1. Red Onion/2. Multiple/Onion14080.jpg
2. Unhealthy/1. Red Onion/2. Multiple/Onion14269.jpg,"near-identical re-shot (verified, CLIP >= 0.99)",2. Unhealthy/1. Red Onion/2. Multiple/Onion13480.jpg
2. Unhealthy/1. Red Onion/2. Multiple/Onion14275.jpg,"near-identical re-shot (verified, CLIP >= 0.99)",2. Unhealthy/1. Red Onion/2. Multiple/Onion13718.jpg
2. Unhealthy/1. Red Onion/2. Multiple/Onion14277.jpg,"near-identical re-shot (verified, CLIP >= 0.99)",2. Unhealthy/1. Red Onion/2. Multiple/Onion13704.jpg
1. Healthy/2. White Onion/1. Single/Onion09374.jpg,"near-identical re-shot (verified, CLIP >= 0.99)",1. Healthy/2. White Onion/1. Single/Onion09041.jpg
1. Healthy/2. White Onion/1. Single/Onion09518.jpg,"near-identical re-shot (verified, CLIP >= 0.99)",1. Healthy/2. White Onion/1. Single/Onion08763.jpg
1. Healthy/2. White Onion/1. Single/Onion09929.jpg,"near-identical re-shot (verified, CLIP >= 0.99)",1. Healthy/2. White Onion/1. Single/Onion09199.jpg
1. Healthy/2. White Onion/1. Single/Onion09956.jpg,"near-identical re-shot (verified, CLIP >= 0.99)",1. Healthy/2. White Onion/1. Single/Onion09666.jpg
1. Healthy/2. White Onion/1. Single/Onion10035.jpg,"near-identical re-shot (verified, CLIP >= 0.99)",1. Healthy/2. White Onion/1. Single/Onion08895.jpg
1. Healthy/2. White Onion/1. Single/Onion10246.jpg,"near-identical re-shot (verified, CLIP >= 0.99)",1. Healthy/2. White Onion/1. Single/Onion09577.jpg
1. Healthy/2. White Onion/1. Single/Onion10292.jpg,"near-identical re-shot (verified, CLIP >= 0.99)",1. Healthy/2. White Onion/1. Single/Onion08745.jpg
1. Healthy/2. White Onion/1. Single/Onion10530.jpg,"near-identical re-shot (verified, CLIP >= 0.99)",1. Healthy/2. White Onion/1. Single/Onion09639.jpg
1. Healthy/2. White Onion/1. Single/Onion10585.jpg,"near-identical re-shot (verified, CLIP >= 0.99)",1. Healthy/2. White Onion/1. Single/Onion09326.jpg
1. Healthy/2. White Onion/1. Single/Onion10612.jpg,"near-identical re-shot (verified, CLIP >= 0.99)",1. Healthy/2. White Onion/1. Single/Onion10471.jpg
1. Healthy/2. White Onion/1. Single/Onion10628.jpg,"near-identical re-shot (verified, CLIP >= 0.99)",1. Healthy/2. White Onion/1. Single/Onion08562.jpg
1. Healthy/2. White Onion/2. Multiple/Onion11218.jpg,"near-identical re-shot (verified, CLIP >= 0.99)",1. Healthy/2. White Onion/2. Multiple/Onion11204.jpg
1. Healthy/2. White Onion/2. Multiple/Onion11221.jpg,"near-identical re-shot (verified, CLIP >= 0.99)",1. Healthy/2. White Onion/2. Multiple/Onion11204.jpg
1. Healthy/2. White Onion/2. Multiple/Onion11329.jpg,"near-identical re-shot (verified, CLIP >= 0.99)",1. Healthy/2. White Onion/2. Multiple/Onion11316.jpg
1. Healthy/2. White Onion/2. Multiple/Onion11346.jpg,"near-identical re-shot (verified, CLIP >= 0.99)",1. Healthy/2. White Onion/2. Multiple/Onion11300.jpg
1. Healthy/2. White Onion/2. Multiple/Onion11351.jpg,"near-identical re-shot (verified, CLIP >= 0.99)",1. Healthy/2. White Onion/2. Multiple/Onion11272.jpg
1. Healthy/2. White Onion/2. Multiple/Onion11353.jpg,"near-identical re-shot (verified, CLIP >= 0.99)",1. Healthy/2. White Onion/2. Multiple/Onion11287.jpg
1. Healthy/2. White Onion/2. Multiple/Onion11374.jpg,"near-identical re-shot (verified, CLIP >= 0.99)",1. Healthy/2. White Onion/2. Multiple/Onion11339.jpg
1. Healthy/2. White Onion/2. Multiple/Onion11377.jpg,"near-identical re-shot (verified, CLIP >= 0.99)",1. Healthy/2. White Onion/2. Multiple/Onion11255.jpg
1. Healthy/2. White Onion/2. Multiple/Onion11416.jpg,"near-identical re-shot (verified, CLIP >= 0.99)",1. Healthy/2. White Onion/2. Multiple/Onion11230.jpg
1. Healthy/2. White Onion/2. Multiple/Onion11437.jpg,"near-identical re-shot (verified, CLIP >= 0.99)",1. Healthy/2. White Onion/2. Multiple/Onion11220.jpg
1. Healthy/2. White Onion/2. Multiple/Onion11458.jpg,"near-identical re-shot (verified, CLIP >= 0.99)",1. Healthy/2. White Onion/2. Multiple/Onion11391.jpg
1. Healthy/2. White Onion/2. Multiple/Onion11461.jpg,"near-identical re-shot (verified, CLIP >= 0.99)",1. Healthy/2. White Onion/2. Multiple/Onion11255.jpg
1. Healthy/2. White Onion/2. Multiple/Onion11473.jpg,"near-identical re-shot (verified, CLIP >= 0.99)",1. Healthy/2. White Onion/2. Multiple/Onion11255.jpg
1. Healthy/2. White Onion/2. Multiple/Onion11484.jpg,"near-identical re-shot (verified, CLIP >= 0.99)",1. Healthy/2. White Onion/2. Multiple/Onion11432.jpg
1. Healthy/2. White Onion/2. Multiple/Onion11493.jpg,"near-identical re-shot (verified, CLIP >= 0.99)",1. Healthy/2. White Onion/2. Multiple/Onion11314.jpg
1. Healthy/2. White Onion/2. Multiple/Onion11495.jpg,"near-identical re-shot (verified, CLIP >= 0.99)",1. Healthy/2. White Onion/2. Multiple/Onion11253.jpg
1. Healthy/2. White Onion/2. Multiple/Onion11496.jpg,"near-identical re-shot (verified, CLIP >= 0.99)",1. Healthy/2. White Onion/2. Multiple/Onion11209.jpg
1. Healthy/2. White Onion/2. Multiple/Onion11538.jpg,"near-identical re-shot (verified, CLIP >= 0.99)",1. Healthy/2. White Onion/2. Multiple/Onion11436.jpg
1. Healthy/2. White Onion/2. Multiple/Onion11539.jpg,"near-identical re-shot (verified, CLIP >= 0.99)",1. Healthy/2. White Onion/2. Multiple/Onion11175.jpg
1. Healthy/2. White Onion/2. Multiple/Onion11567.jpg,"near-identical re-shot (verified, CLIP >= 0.99)",1. Healthy/2. White Onion/2. Multiple/Onion11540.jpg
1. Healthy/2. White Onion/2. Multiple/Onion11581.jpg,"near-identical re-shot (verified, CLIP >= 0.99)",1. Healthy/2. White Onion/2. Multiple/Onion11315.jpg
1. Healthy/2. White Onion/2. Multiple/Onion11592.jpg,"near-identical re-shot (verified, CLIP >= 0.99)",1. Healthy/2. White Onion/2. Multiple/Onion11587.jpg
1. Healthy/2. White Onion/2. Multiple/Onion11593.jpg,"near-identical re-shot (verified, CLIP >= 0.99)",1. Healthy/2. White Onion/2. Multiple/Onion11584.jpg
1. Healthy/2. White Onion/2. Multiple/Onion11600.jpg,"near-identical re-shot (verified, CLIP >= 0.99)",1. Healthy/2. White Onion/2. Multiple/Onion11194.jpg
1. Healthy/2. White Onion/2. Multiple/Onion11602.jpg,"near-identical re-shot (verified, CLIP >= 0.99)",1. Healthy/2. White Onion/2. Multiple/Onion11223.jpg
1. Healthy/2. White Onion/2. Multiple/Onion11604.jpg,"near-identical re-shot (verified, CLIP >= 0.99)",1. Healthy/2. White Onion/2. Multiple/Onion11173.jpg
1. Healthy/2. White Onion/2. Multiple/Onion11628.jpg,"near-identical re-shot (verified, CLIP >= 0.99)",1. Healthy/2. White Onion/2. Multiple/Onion11271.jpg
1. Healthy/2. White Onion/2. Multiple/Onion11637.jpg,"near-identical re-shot (verified, CLIP >= 0.99)",1. Healthy/2. White Onion/2. Multiple/Onion11311.jpg
1. Healthy/2. White Onion/2. Multiple/Onion11643.jpg,"near-identical re-shot (verified, CLIP >= 0.99)",1. Healthy/2. White Onion/2. Multiple/Onion11234.jpg
1. Healthy/2. White Onion/2. Multiple/Onion11648.jpg,"near-identical re-shot (verified, CLIP >= 0.99)",1. Healthy/2. White Onion/2. Multiple/Onion11406.jpg
1. Healthy/2. White Onion/2. Multiple/Onion11657.jpg,"near-identical re-shot (verified, CLIP >= 0.99)",1. Healthy/2. White Onion/2. Multiple/Onion11241.jpg
1. Healthy/2. White Onion/2. Multiple/Onion11676.jpg,"near-identical re-shot (verified, CLIP >= 0.99)",1. Healthy/2. White Onion/2. Multiple/Onion11632.jpg
1. Healthy/2. White Onion/2. Multiple/Onion11680.jpg,"near-identical re-shot (verified, CLIP >= 0.99)",1. Healthy/2. White Onion/2. Multiple/Onion11281.jpg
1. Healthy/2. White Onion/2. Multiple/Onion11698.jpg,"near-identical re-shot (verified, CLIP >= 0.99)",1. Healthy/2. White Onion/2. Multiple/Onion11276.jpg
1. Healthy/2. White Onion/2. Multiple/Onion11699.jpg,"near-identical re-shot (verified, CLIP >= 0.99)",1. Healthy/2. White Onion/2. Multiple/Onion11565.jpg
1. Healthy/2. White Onion/2. Multiple/Onion11709.jpg,"near-identical re-shot (verified, CLIP >= 0.99)",1. Healthy/2. White Onion/2. Multiple/Onion11315.jpg
1. Healthy/2. White Onion/2. Multiple/Onion11712.jpg,"near-identical re-shot (verified, CLIP >= 0.99)",1. Healthy/2. White Onion/2. Multiple/Onion11259.jpg
1. Healthy/2. White Onion/2. Multiple/Onion11714.jpg,"near-identical re-shot (verified, CLIP >= 0.99)",1. Healthy/2. White Onion/2. Multiple/Onion11272.jpg
1. Healthy/2. White Onion/2. Multiple/Onion11723.jpg,"near-identical re-shot (verified, CLIP >= 0.99)",1. Healthy/2. White Onion/2. Multiple/Onion11584.jpg
1. Healthy/2. White Onion/2. Multiple/Onion11740.jpg,"near-identical re-shot (verified, CLIP >= 0.99)",1. Healthy/2. White Onion/2. Multiple/Onion11583.jpg
1. Healthy/2. White Onion/2. Multiple/Onion11742.jpg,"near-identical re-shot (verified, CLIP >= 0.99)",1. Healthy/2. White Onion/2. Multiple/Onion11477.jpg
1. Healthy/2. White Onion/2. Multiple/Onion11751.jpg,"near-identical re-shot (verified, CLIP >= 0.99)",1. Healthy/2. White Onion/2. Multiple/Onion11733.jpg
1. Healthy/2. White Onion/2. Multiple/Onion11759.jpg,"near-identical re-shot (verified, CLIP >= 0.99)",1. Healthy/2. White Onion/2. Multiple/Onion11230.jpg
1. Healthy/2. White Onion/2. Multiple/Onion11780.jpg,"near-identical re-shot (verified, CLIP >= 0.99)",1. Healthy/2. White Onion/2. Multiple/Onion11391.jpg
1. Healthy/2. White Onion/2. Multiple/Onion11817.jpg,"near-identical re-shot (verified, CLIP >= 0.99)",1. Healthy/2. White Onion/2. Multiple/Onion11199.jpg
1. Healthy/2. White Onion/2. Multiple/Onion11820.jpg,"near-identical re-shot (verified, CLIP >= 0.99)",1. Healthy/2. White Onion/2. Multiple/Onion11622.jpg
1. Healthy/2. White Onion/2. Multiple/Onion11830.jpg,"near-identical re-shot (verified, CLIP >= 0.99)",1. Healthy/2. White Onion/2. Multiple/Onion11335.jpg
1. Healthy/2. White Onion/2. Multiple/Onion11833.jpg,"near-identical re-shot (verified, CLIP >= 0.99)",1. Healthy/2. White Onion/2. Multiple/Onion11586.jpg
1. Healthy/2. White Onion/2. Multiple/Onion11853.jpg,"near-identical re-shot (verified, CLIP >= 0.99)",1. Healthy/2. White Onion/2. Multiple/Onion11172.jpg
1. Healthy/2. White Onion/2. Multiple/Onion11859.jpg,"near-identical re-shot (verified, CLIP >= 0.99)",1. Healthy/2. White Onion/2. Multiple/Onion11622.jpg
1. Healthy/2. White Onion/2. Multiple/Onion11861.jpg,"near-identical re-shot (verified, CLIP >= 0.99)",1. Healthy/2. White Onion/2. Multiple/Onion11255.jpg
1. Healthy/2. White Onion/2. Multiple/Onion11865.jpg,"near-identical re-shot (verified, CLIP >= 0.99)",1. Healthy/2. White Onion/2. Multiple/Onion11234.jpg
1. Healthy/2. White Onion/2. Multiple/Onion11867.jpg,"near-identical re-shot (verified, CLIP >= 0.99)",1. Healthy/2. White Onion/2. Multiple/Onion11807.jpg
1. Healthy/2. White Onion/2. Multiple/Onion11874.jpg,"near-identical re-shot (verified, CLIP >= 0.99)",1. Healthy/2. White Onion/2. Multiple/Onion11298.jpg
1. Healthy/2. White Onion/2. Multiple/Onion11877.jpg,"near-identical re-shot (verified, CLIP >= 0.99)",1. Healthy/2. White Onion/2. Multiple/Onion11367.jpg
1. Healthy/2. White Onion/2. Multiple/Onion11879.jpg,"near-identical re-shot (verified, CLIP >= 0.99)",1. Healthy/2. White Onion/2. Multiple/Onion11194.jpg
1. Healthy/2. White Onion/2. Multiple/Onion11894.jpg,"near-identical re-shot (verified, CLIP >= 0.99)",1. Healthy/2. White Onion/2. Multiple/Onion11192.jpg
1. Healthy/2. White Onion/2. Multiple/Onion11895.jpg,"near-identical re-shot (verified, CLIP >= 0.99)",1. Healthy/2. White Onion/2. Multiple/Onion11717.jpg
1. Healthy/2. White Onion/2. Multiple/Onion11906.jpg,"near-identical re-shot (verified, CLIP >= 0.99)",1. Healthy/2. White Onion/2. Multiple/Onion11332.jpg
1. Healthy/2. White Onion/2. Multiple/Onion11917.jpg,"near-identical re-shot (verified, CLIP >= 0.99)",1. Healthy/2. White Onion/2. Multiple/Onion11909.jpg
1. Healthy/2. White Onion/2. Multiple/Onion11922.jpg,"near-identical re-shot (verified, CLIP >= 0.99)",1. Healthy/2. White Onion/2. Multiple/Onion11529.jpg
1. Healthy/2. White Onion/2. Multiple/Onion11924.jpg,"near-identical re-shot (verified, CLIP >= 0.99)",1. Healthy/2. White Onion/2. Multiple/Onion11357.jpg
1. Healthy/2. White Onion/2. Multiple/Onion11931.jpg,"near-identical re-shot (verified, CLIP >= 0.99)",1. Healthy/2. White Onion/2. Multiple/Onion11356.jpg
1. Healthy/2. White Onion/2. Multiple/Onion11932.jpg,"near-identical re-shot (verified, CLIP >= 0.99)",1. Healthy/2. White Onion/2. Multiple/Onion11386.jpg
1. Healthy/2. White Onion/2. Multiple/Onion11935.jpg,"near-identical re-shot (verified, CLIP >= 0.99)",1. Healthy/2. White Onion/2. Multiple/Onion11644.jpg
1. Healthy/2. White Onion/2. Multiple/Onion11939.jpg,"near-identical re-shot (verified, CLIP >= 0.99)",1. Healthy/2. White Onion/2. Multiple/Onion11635.jpg
1. Healthy/2. White Onion/2. Multiple/Onion11948.jpg,"near-identical re-shot (verified, CLIP >= 0.99)",1. Healthy/2. White Onion/2. Multiple/Onion11271.jpg
1. Healthy/2. White Onion/2. Multiple/Onion11953.jpg,"near-identical re-shot (verified, CLIP >= 0.99)",1. Healthy/2. White Onion/2. Multiple/Onion11683.jpg
1. Healthy/2. White Onion/2. Multiple/Onion11954.jpg,"near-identical re-shot (verified, CLIP >= 0.99)",1. Healthy/2. White Onion/2. Multiple/Onion11192.jpg
1. Healthy/2. White Onion/2. Multiple/Onion11955.jpg,"near-identical re-shot (verified, CLIP >= 0.99)",1. Healthy/2. White Onion/2. Multiple/Onion11298.jpg
1. Healthy/2. White Onion/2. Multiple/Onion11959.jpg,"near-identical re-shot (verified, CLIP >= 0.99)",1. Healthy/2. White Onion/2. Multiple/Onion11253.jpg
1. Healthy/2. White Onion/2. Multiple/Onion11970.jpg,"near-identical re-shot (verified, CLIP >= 0.99)",1. Healthy/2. White Onion/2. Multiple/Onion11891.jpg
1. Healthy/2. White Onion/2. Multiple/Onion11973.jpg,"near-identical re-shot (verified, CLIP >= 0.99)",1. Healthy/2. White Onion/2. Multiple/Onion11736.jpg
1. Healthy/2. White Onion/2. Multiple/Onion11975.jpg,"near-identical re-shot (verified, CLIP >= 0.99)",1. Healthy/2. White Onion/2. Multiple/Onion11251.jpg
1. Healthy/2. White Onion/2. Multiple/Onion11999.jpg,"near-identical re-shot (verified, CLIP >= 0.99)",1. Healthy/2. White Onion/2. Multiple/Onion11583.jpg
1. Healthy/2. White Onion/2. Multiple/Onion12011.jpg,"near-identical re-shot (verified, CLIP >= 0.99)",1. Healthy/2. White Onion/2. Multiple/Onion11810.jpg
1. Healthy/2. White Onion/2. Multiple/Onion12017.jpg,"near-identical re-shot (verified, CLIP >= 0.99)",1. Healthy/2. White Onion/2. Multiple/Onion11195.jpg
1. Healthy/2. White Onion/2. Multiple/Onion12019.jpg,"near-identical re-shot (verified, CLIP >= 0.99)",1. Healthy/2. White Onion/2. Multiple/Onion11816.jpg
1. Healthy/2. White Onion/2. Multiple/Onion12026.jpg,"near-identical re-shot (verified, CLIP >= 0.99)",1. Healthy/2. White Onion/2. Multiple/Onion11357.jpg
1. Healthy/2. White Onion/2. Multiple/Onion12028.jpg,"near-identical re-shot (verified, CLIP >= 0.99)",1. Healthy/2. White Onion/2. Multiple/Onion11444.jpg
1. Healthy/2. White Onion/2. Multiple/Onion12045.jpg,"near-identical re-shot (verified, CLIP >= 0.99)",1. Healthy/2. White Onion/2. Multiple/Onion11295.jpg
1. Healthy/2. White Onion/2. Multiple/Onion12047.jpg,"near-identical re-shot (verified, CLIP >= 0.99)",1. Healthy/2. White Onion/2. Multiple/Onion11295.jpg
1. Healthy/2. White Onion/2. Multiple/Onion12060.jpg,"near-identical re-shot (verified, CLIP >= 0.99)",1. Healthy/2. White Onion/2. Multiple/Onion11501.jpg
1. Healthy/2. White Onion/2. Multiple/Onion12062.jpg,"near-identical re-shot (verified, CLIP >= 0.99)",1. Healthy/2. White Onion/2. Multiple/Onion11650.jpg
1. Healthy/2. White Onion/2. Multiple/Onion12066.jpg,"near-identical re-shot (verified, CLIP >= 0.99)",1. Healthy/2. White Onion/2. Multiple/Onion11332.jpg
1. Healthy/2. White Onion/2. Multiple/Onion12069.jpg,"near-identical re-shot (verified, CLIP >= 0.99)",1. Healthy/2. White Onion/2. Multiple/Onion11386.jpg
1. Healthy/2. White Onion/2. Multiple/Onion12071.jpg,"near-identical re-shot (verified, CLIP >= 0.99)",1. Healthy/2. White Onion/2. Multiple/Onion11391.jpg
1. Healthy/2. White Onion/2. Multiple/Onion12082.jpg,"near-identical re-shot (verified, CLIP >= 0.99)",1. Healthy/2. White Onion/2. Multiple/Onion11523.jpg
1. Healthy/2. White Onion/2. Multiple/Onion12092.jpg,"near-identical re-shot (verified, CLIP >= 0.99)",1. Healthy/2. White Onion/2. Multiple/Onion11647.jpg
1. Healthy/2. White Onion/2. Multiple/Onion12096.jpg,"near-identical re-shot (verified, CLIP >= 0.99)",1. Healthy/2. White Onion/2. Multiple/Onion11266.jpg
1. Healthy/2. White Onion/2. Multiple/Onion12100.jpg,"near-identical re-shot (verified, CLIP >= 0.99)",1. Healthy/2. White Onion/2. Multiple/Onion11798.jpg
1. Healthy/2. White Onion/2. Multiple/Onion12124.jpg,"near-identical re-shot (verified, CLIP >= 0.99)",1. Healthy/2. White Onion/2. Multiple/Onion11485.jpg
1. Healthy/2. White Onion/2. Multiple/Onion12125.jpg,"near-identical re-shot (verified, CLIP >= 0.99)",1. Healthy/2. White Onion/2. Multiple/Onion12122.jpg
1. Healthy/2. White Onion/2. Multiple/Onion12127.jpg,"near-identical re-shot (verified, CLIP >= 0.99)",1. Healthy/2. White Onion/2. Multiple/Onion11362.jpg
1. Healthy/2. White Onion/2. Multiple/Onion12129.jpg,"near-identical re-shot (verified, CLIP >= 0.99)",1. Healthy/2. White Onion/2. Multiple/Onion11412.jpg
1. Healthy/2. White Onion/2. Multiple/Onion12141.jpg,"near-identical re-shot (verified, CLIP >= 0.99)",1. Healthy/2. White Onion/2. Multiple/Onion11368.jpg
1. Healthy/2. White Onion/2. Multiple/Onion12157.jpg,"near-identical re-shot (verified, CLIP >= 0.99)",1. Healthy/2. White Onion/2. Multiple/Onion11633.jpg
1. Healthy/2. White Onion/2. Multiple/Onion12160.jpg,"near-identical re-shot (verified, CLIP >= 0.99)",1. Healthy/2. White Onion/2. Multiple/Onion11169.jpg
1. Healthy/2. White Onion/2. Multiple/Onion12162.jpg,"near-identical re-shot (verified, CLIP >= 0.99)",1. Healthy/2. White Onion/2. Multiple/Onion11210.jpg
1. Healthy/2. White Onion/2. Multiple/Onion12165.jpg,"near-identical re-shot (verified, CLIP >= 0.99)",1. Healthy/2. White Onion/2. Multiple/Onion12120.jpg
1. Healthy/2. White Onion/2. Multiple/Onion12166.jpg,"near-identical re-shot (verified, CLIP >= 0.99)",1. Healthy/2. White Onion/2. Multiple/Onion11455.jpg
1. Healthy/2. White Onion/2. Multiple/Onion12175.jpg,"near-identical re-shot (verified, CLIP >= 0.99)",1. Healthy/2. White Onion/2. Multiple/Onion11734.jpg
1. Healthy/2. White Onion/2. Multiple/Onion12194.jpg,"near-identical re-shot (verified, CLIP >= 0.99)",1. Healthy/2. White Onion/2. Multiple/Onion12000.jpg
1. Healthy/2. White Onion/2. Multiple/Onion12198.jpg,"near-identical re-shot (verified, CLIP >= 0.99)",1. Healthy/2. White Onion/2. Multiple/Onion11663.jpg
1. Healthy/2. White Onion/2. Multiple/Onion12206.jpg,"near-identical re-shot (verified, CLIP >= 0.99)",1. Healthy/2. White Onion/2. Multiple/Onion11455.jpg
1. Healthy/2. White Onion/2. Multiple/Onion12215.jpg,"near-identical re-shot (verified, CLIP >= 0.99)",1. Healthy/2. White Onion/2. Multiple/Onion12150.jpg
1. Healthy/2. White Onion/2. Multiple/Onion12222.jpg,"near-identical re-shot (verified, CLIP >= 0.99)",1. Healthy/2. White Onion/2. Multiple/Onion11683.jpg
1. Healthy/2. White Onion/2. Multiple/Onion12223.jpg,"near-identical re-shot (verified, CLIP >= 0.99)",1. Healthy/2. White Onion/2. Multiple/Onion12014.jpg
1. Healthy/2. White Onion/2. Multiple/Onion12227.jpg,"near-identical re-shot (verified, CLIP >= 0.99)",1. Healthy/2. White Onion/2. Multiple/Onion11368.jpg
1. Healthy/2. White Onion/2. Multiple/Onion12231.jpg,"near-identical re-shot (verified, CLIP >= 0.99)",1. Healthy/2. White Onion/2. Multiple/Onion11167.jpg
1. Healthy/2. White Onion/2. Multiple/Onion12232.jpg,"near-identical re-shot (verified, CLIP >= 0.99)",1. Healthy/2. White Onion/2. Multiple/Onion11913.jpg
1. Healthy/2. White Onion/2. Multiple/Onion12236.jpg,"near-identical re-shot (verified, CLIP >= 0.99)",1. Healthy/2. White Onion/2. Multiple/Onion11337.jpg
1. Healthy/2. White Onion/2. Multiple/Onion12242.jpg,"near-identical re-shot (verified, CLIP >= 0.99)",1. Healthy/2. White Onion/2. Multiple/Onion11220.jpg
1. Healthy/2. White Onion/2. Multiple/Onion12244.jpg,"near-identical re-shot (verified, CLIP >= 0.99)",1. Healthy/2. White Onion/2. Multiple/Onion11945.jpg
1. Healthy/2. White Onion/2. Multiple/Onion12254.jpg,"near-identical re-shot (verified, CLIP >= 0.99)",1. Healthy/2. White Onion/2. Multiple/Onion12046.jpg
1. Healthy/2. White Onion/2. Multiple/Onion12260.jpg,"near-identical re-shot (verified, CLIP >= 0.99)",1. Healthy/2. White Onion/2. Multiple/Onion11168.jpg
2. Unhealthy/2. White Onion/1. Single/Onion15269.jpg,"near-identical re-shot (verified, CLIP >= 0.99)",2. Unhealthy/2. White Onion/1. Single/Onion15036.jpg
2. Unhealthy/2. White Onion/2. Multiple/Onion15457.jpg,"near-identical re-shot (verified, CLIP >= 0.99)",2. Unhealthy/2. White Onion/2. Multiple/Onion15434.jpg
2. Unhealthy/2. White Onion/2. Multiple/Onion15607.jpg,"near-identical re-shot (verified, CLIP >= 0.99)",2. Unhealthy/2. White Onion/2. Multiple/Onion15419.jpg
2. Unhealthy/2. White Onion/2. Multiple/Onion15608.jpg,"near-identical re-shot (verified, CLIP >= 0.99)",2. Unhealthy/2. White Onion/2. Multiple/Onion15508.jpg
2. Unhealthy/2. White Onion/2. Multiple/Onion15627.jpg,"near-identical re-shot (verified, CLIP >= 0.99)",2. Unhealthy/2. White Onion/2. Multiple/Onion15382.jpg
2. Unhealthy/2. White Onion/2. Multiple/Onion15640.jpg,"near-identical re-shot (verified, CLIP >= 0.99)",2. Unhealthy/2. White Onion/2. Multiple/Onion15482.jpg
2. Unhealthy/2. White Onion/2. Multiple/Onion15828.jpg,"near-identical re-shot (verified, CLIP >= 0.99)",2. Unhealthy/2. White Onion/2. Multiple/Onion15434.jpg
2. Unhealthy/2. White Onion/2. Multiple/Onion15904.jpg,"near-identical re-shot (verified, CLIP >= 0.99)",2. Unhealthy/2. White Onion/2. Multiple/Onion15362.jpg
2. Unhealthy/2. White Onion/2. Multiple/Onion15948.jpg,"near-identical re-shot (verified, CLIP >= 0.99)",2. Unhealthy/2. White Onion/2. Multiple/Onion15458.jpg
2. Unhealthy/2. White Onion/2. Multiple/Onion16037.jpg,"near-identical re-shot (verified, CLIP >= 0.99)",2. Unhealthy/2. White Onion/2. Multiple/Onion15430.jpg
2. Unhealthy/2. White Onion/2. Multiple/Onion16056.jpg,"near-identical re-shot (verified, CLIP >= 0.99)",2. Unhealthy/2. White Onion/2. Multiple/Onion15642.jpg
2. Unhealthy/2. White Onion/2. Multiple/Onion16088.jpg,"near-identical re-shot (verified, CLIP >= 0.99)",2. Unhealthy/2. White Onion/2. Multiple/Onion15629.jpg
2. Unhealthy/2. White Onion/2. Multiple/Onion16093.jpg,"near-identical re-shot (verified, CLIP >= 0.99)",2. Unhealthy/2. White Onion/2. Multiple/Onion15958.jpg
2. Unhealthy/2. White Onion/2. Multiple/Onion16106.jpg,"near-identical re-shot (verified, CLIP >= 0.99)",2. Unhealthy/2. White Onion/2. Multiple/Onion15333.jpg
2. Unhealthy/2. White Onion/2. Multiple/Onion16119.jpg,"near-identical re-shot (verified, CLIP >= 0.99)",2. Unhealthy/2. White Onion/2. Multiple/Onion15441.jpg
2. Unhealthy/2. White Onion/2. Multiple/Onion16122.jpg,"near-identical re-shot (verified, CLIP >= 0.99)",2. Unhealthy/2. White Onion/2. Multiple/Onion15351.jpg
2. Unhealthy/2. White Onion/2. Multiple/Onion16146.jpg,"near-identical re-shot (verified, CLIP >= 0.99)",2. Unhealthy/2. White Onion/2. Multiple/Onion15920.jpg
2. Unhealthy/2. White Onion/2. Multiple/Onion16156.jpg,"near-identical re-shot (verified, CLIP >= 0.99)",2. Unhealthy/2. White Onion/2. Multiple/Onion16099.jpg
2. Unhealthy/2. White Onion/2. Multiple/Onion16217.jpg,"near-identical re-shot (verified, CLIP >= 0.99)",2. Unhealthy/2. White Onion/2. Multiple/Onion15649.jpg
2. Unhealthy/2. White Onion/2. Multiple/Onion16221.jpg,"near-identical re-shot (verified, CLIP >= 0.99)",2. Unhealthy/2. White Onion/2. Multiple/Onion15517.jpg
2. Unhealthy/2. White Onion/2. Multiple/Onion16237.jpg,"near-identical re-shot (verified, CLIP >= 0.99)",2. Unhealthy/2. White Onion/2. Multiple/Onion15998.jpg
2. Unhealthy/2. White Onion/2. Multiple/Onion16248.jpg,"near-identical re-shot (verified, CLIP >= 0.99)",2. Unhealthy/2. White Onion/2. Multiple/Onion15483.jpg
2. Unhealthy/2. White Onion/2. Multiple/Onion16269.jpg,"near-identical re-shot (verified, CLIP >= 0.99)",2. Unhealthy/2. White Onion/2. Multiple/Onion15577.jpg
2. Unhealthy/2. White Onion/2. Multiple/Onion16276.jpg,"near-identical re-shot (verified, CLIP >= 0.99)",2. Unhealthy/2. White Onion/2. Multiple/Onion15494.jpg
