path,label,video,track,frame,orig_split,mite_boxes,class_name,group
val/videos/2017-09-25_16-03-38/2017-09-25_16-03-38.mp4-bee_id_2182-86790-1.png,0,2017-09-25_16-03-38,2017-09-25_16-03-38#2182,86790,val,[],healthy honeybee,2017-09-25_16-03-38
val/videos/2017-09-01_3-01-01/2017-09-01_3-01-01.mp4-bee_id_2487-62880-1.png,0,2017-09-01_3-01-01,2017-09-01_3-01-01#2487,62880,val,[],healthy honeybee,2017-09-01_3-01-01
train/videos/2017-09-25_16-03-38-2/2017-09-25_16-03-38.mp4-bee_id_994-34215-1.png,0,2017-09-25_16-03-38,2017-09-25_16-03-38#994,34215,train,[],healthy honeybee,2017-09-25_16-03-38
train/videos/2017-09-25_16-03-38-2/2017-09-25_16-03-38.mp4-bee_id_482-16875-1.png,0,2017-09-25_16-03-38,2017-09-25_16-03-38#482,16875,train,[],healthy honeybee,2017-09-25_16-03-38
train/videos/2017-09-25_16-03-38-2/2017-09-25_16-03-38.mp4-bee_id_954-32940-1.png,0,2017-09-25_16-03-38,2017-09-25_16-03-38#954,32940,train,[],healthy honeybee,2017-09-25_16-03-38
val/videos/2017-09-25_16-03-38/2017-09-25_16-03-38.mp4-bee_id_1541-50190-1.png,0,2017-09-25_16-03-38,2017-09-25_16-03-38#1541,50190,val,[],healthy honeybee,2017-09-25_16-03-38
train/videos/2017-09-25_16-03-38-2/2017-09-25_16-03-38.mp4-bee_id_750-27015-1.png,0,2017-09-25_16-03-38,2017-09-25_16-03-38#750,27015,train,[],healthy honeybee,2017-09-25_16-03-38
train/videos/2017-09-25_16-03-38-2/2017-09-25_16-03-38.mp4-bee_id_387-12405-1.png,0,2017-09-25_16-03-38,2017-09-25_16-03-38#387,12405,train,[],healthy honeybee,2017-09-25_16-03-38
train/videos/2017-09-25_16-03-38-2/2017-09-25_16-03-38.mp4-bee_id_801-28395-1.png,0,2017-09-25_16-03-38,2017-09-25_16-03-38#801,28395,train,[],healthy honeybee,2017-09-25_16-03-38
val/videos/2017-09-01_20-00-17/2017-09-01_20-00-17.mp4-bee_id_32-14460-1.png,0,2017-09-01_20-00-17,2017-09-01_20-00-17#32,14460,val,[],healthy honeybee,2017-09-01_20-00-17
val/videos/2017-09-29_15-31-49/2017-09-29_15-31-49.mp4-bee_id_96-2430-1.png,0,2017-09-29_15-31-49,2017-09-29_15-31-49#96,2430,val,[],healthy honeybee,2017-09-29_15-31-49
train/videos/2017-09-25_16-03-38-2/2017-09-25_16-03-38.mp4-bee_id_767-27405-1.png,0,2017-09-25_16-03-38,2017-09-25_16-03-38#767,27405,train,[],healthy honeybee,2017-09-25_16-03-38
train/videos/2017-09-25_16-03-38-2/2017-09-25_16-03-38.mp4-bee_id_686-25305-1.png,0,2017-09-25_16-03-38,2017-09-25_16-03-38#686,25305,train,[],healthy honeybee,2017-09-25_16-03-38
train/videos/2017-09-25_16-03-38-2/2017-09-25_16-03-38.mp4-bee_id_853-29835-1.png,0,2017-09-25_16-03-38,2017-09-25_16-03-38#853,29835,train,[],healthy honeybee,2017-09-25_16-03-38
train/videos/2017-09-25_16-03-38-2/2017-09-25_16-03-38.mp4-bee_id_235-75-1.png,0,2017-09-25_16-03-38,2017-09-25_16-03-38#235,75,train,[],healthy honeybee,2017-09-25_16-03-38
val/videos/2017-09-25_16-03-38/2017-09-25_16-03-38.mp4-bee_id_1340-44370-1.png,0,2017-09-25_16-03-38,2017-09-25_16-03-38#1340,44370,val,[],healthy honeybee,2017-09-25_16-03-38
val/videos/2017-09-01_3-01-01/2017-09-01_3-01-01.mp4-bee_id_2419-58155-1.png,1,2017-09-01_3-01-01,2017-09-01_3-01-01#2419,58155,val,"[[56.0, 110.0, 95.0, 142.0]]",honeybee with a varroa mite,2017-09-01_3-01-01
val/videos/2017-09-01_3-01-01/2017-09-01_3-01-01.mp4-bee_id_2253-22230-1.png,1,2017-09-01_3-01-01,2017-09-01_3-01-01#2253,22230,val,"[[14.0, 119.0, 48.0, 150.0]]",honeybee with a varroa mite,2017-09-01_3-01-01
val/videos/2017-09-01_3-01-01/2017-09-01_3-01-01.mp4-bee_id_2282-47235-1.png,1,2017-09-01_3-01-01,2017-09-01_3-01-01#2282,47235,val,"[[146.0, 77.0, 148.0, 81.0], [49.0, 116.0, 85.0, 147.0], [47.0, 79.0, 76.0, 116.0]]",honeybee with a varroa mite,2017-09-01_3-01-01
train/videos/2017-09-25_16-03-38-2/2017-09-25_16-03-38.mp4-bee_id_927-31965-1.png,1,2017-09-25_16-03-38,2017-09-25_16-03-38#927,31965,train,"[[49.0, 177.0, 90.0, 220.0]]",honeybee with a varroa mite,2017-09-25_16-03-38
val/videos/2017-09-25_16-03-38/2017-09-25_16-03-38.mp4-bee_id_1913-68400-1.png,1,2017-09-25_16-03-38,2017-09-25_16-03-38#1913,68400,val,"[[57.0, 64.0, 97.0, 100.0], [97.0, 131.0, 123.0, 170.0], [50.0, 135.0, 81.0, 165.0]]",honeybee with a varroa mite,2017-09-25_16-03-38
val/videos/2017-09-01_3-01-01/2017-09-01_3-01-01.mp4-bee_id_2522-64350-1.png,1,2017-09-01_3-01-01,2017-09-01_3-01-01#2522,64350,val,"[[74.0, 88.0, 107.0, 120.0]]",honeybee with a varroa mite,2017-09-01_3-01-01
train/videos/2017-09-25_16-03-38-2/2017-09-25_16-03-38.mp4-bee_id_705-25890-1.png,1,2017-09-25_16-03-38,2017-09-25_16-03-38#705,25890,train,"[[43.0, 63.0, 78.0, 97.0]]",honeybee with a varroa mite,2017-09-25_16-03-38
val/videos/2017-09-29_15-31-49/2017-09-29_15-31-49.mp4-bee_id_54-1425-1.png,1,2017-09-29_15-31-49,2017-09-29_15-31-49#54,1425,val,"[[28.0, 78.0, 59.0, 125.0]]",honeybee with a varroa mite,2017-09-29_15-31-49
val/videos/2017-09-01_20-00-17/2017-09-01_20-00-17.mp4-bee_id_42-15675-1.png,1,2017-09-01_20-00-17,2017-09-01_20-00-17#42,15675,val,"[[62.0, 89.0, 79.0, 109.0]]",honeybee with a varroa mite,2017-09-01_20-00-17
val/videos/2017-09-01_3-01-01/2017-09-01_3-01-01.mp4-bee_id_2285-47580-1.png,1,2017-09-01_3-01-01,2017-09-01_3-01-01#2285,47580,val,"[[75.0, 143.0, 129.0, 173.0], [95.0, 170.0, 127.0, 194.0]]",honeybee with a varroa mite,2017-09-01_3-01-01
val/videos/2017-09-01_3-01-01/2017-09-01_3-01-01.mp4-bee_id_2565-70485-1.png,1,2017-09-01_3-01-01,2017-09-01_3-01-01#2565,70485,val,"[[29.0, 109.0, 66.0, 140.0], [65.0, 100.0, 112.0, 125.0]]",honeybee with a varroa mite,2017-09-01_3-01-01
val/videos/2017-08-28_16-32-55_30_sec/2017-08-28_16-32-55_30_sec.mp4-bee_id_6677-660-1.png,1,2017-08-28_16-32-55_30_sec,2017-08-28_16-32-55_30_sec#6677,660,val,"[[34.0, 62.0, 84.0, 101.0], [51.0, 102.0, 100.0, 137.0], [45.0, 144.0, 82.0, 180.0]]",honeybee with a varroa mite,2017-08-28_16-32-55_30_sec
val/videos/2017-09-25_16-03-38/2017-09-25_16-03-38.mp4-bee_id_1790-57180-1.png,1,2017-09-25_16-03-38,2017-09-25_16-03-38#1790,57180,val,"[[90.0, 136.0, 128.0, 171.0]]",honeybee with a varroa mite,2017-09-25_16-03-38
val/videos/2017-09-01_3-01-01/2017-09-01_3-01-01.mp4-bee_id_2696-90360-1.png,1,2017-09-01_3-01-01,2017-09-01_3-01-01#2696,90360,val,"[[86.0, 167.0, 112.0, 194.0]]",honeybee with a varroa mite,2017-09-01_3-01-01
train/videos/2017-09-25_16-03-38-2/2017-09-25_16-03-38.mp4-bee_id_1196-40410-1.png,1,2017-09-25_16-03-38,2017-09-25_16-03-38#1196,40410,train,"[[73.0, 116.0, 120.0, 154.0]]",honeybee with a varroa mite,2017-09-25_16-03-38
train/videos/2017-09-25_16-03-38-2/2017-09-25_16-03-38.mp4-bee_id_357-11325-1.png,1,2017-09-25_16-03-38,2017-09-25_16-03-38#357,11325,train,"[[53.0, 93.0, 75.0, 121.0]]",honeybee with a varroa mite,2017-09-25_16-03-38
