device,component,ms_per_photo,params_millions,note
cuda,"CLIP ViT-B/16, whole photo",8.86,86.19,
cuda,"CLIP ViT-B/16, 5 region crops",21.91,0.0,
cuda,"DINOv2-S, whole photo",6.05,22.06,
cuda,PRGA head (graph + caches),1.34,1.12,
cuda,"OWLv2-B/16 detection, 11 prompts",126.89,154.97,
cuda,GPU name,,,NVIDIA GeForce RTX 3050 6GB Laptop GPU
cpu,"CLIP ViT-B/16, whole photo",169.86,86.19,
cpu,"CLIP ViT-B/16, 5 region crops",761.06,0.0,
cpu,"DINOv2-S, whole photo",64.28,22.06,
cpu,PRGA head (graph + caches),0.68,1.12,
