method,K,accuracy,precision,recall,macro_f1,auroc,ece
PRGA + DINOv2 (ours),1,0.858,0.866,0.802,0.813,0.978,0.12
PRGA + DINOv2 (ours),4,0.921,0.93,0.892,0.905,0.994,0.096
PRGA + DINOv2 (ours),16,0.969,0.971,0.955,0.962,0.998,0.049
PRGA + DINOv2 (ours),full,0.988,0.989,0.982,0.985,1.0,0.067
PRGA (ours),1,0.848,0.851,0.786,0.799,0.971,0.154
PRGA (ours),4,0.908,0.908,0.88,0.89,0.989,0.162
PRGA (ours),16,0.947,0.945,0.931,0.937,0.995,0.161
PRGA (ours),full,0.986,0.988,0.979,0.983,1.0,0.122
PlantCaFo-style,1,0.833,0.842,0.79,0.797,0.973,0.109
PlantCaFo-style,4,0.908,0.921,0.879,0.891,0.993,0.061
PlantCaFo-style,16,0.954,0.96,0.932,0.943,0.997,0.024
PlantCaFo-style,full,0.972,0.968,0.968,0.967,0.999,0.07
CLIP-Adapter,1,0.826,0.841,0.769,0.78,0.973,0.066
CLIP-Adapter,4,0.859,0.878,0.821,0.833,0.984,0.073
CLIP-Adapter,16,0.952,0.951,0.94,0.944,0.996,0.015
CLIP-Adapter,full,0.983,0.983,0.977,0.98,1.0,0.007
TaskRes,1,0.758,0.757,0.703,0.694,0.944,0.037
TaskRes,4,0.863,0.884,0.84,0.843,0.987,0.047
TaskRes,16,0.949,0.953,0.931,0.94,0.996,0.027
TaskRes,full,0.979,0.977,0.974,0.975,1.0,0.004
CLAP,1,0.772,0.762,0.687,0.689,0.941,0.07
CLAP,4,0.844,0.877,0.822,0.823,0.985,0.026
CLAP,16,0.946,0.949,0.928,0.937,0.996,0.033
CLAP,full,0.972,0.973,0.962,0.967,0.999,0.036
Tip-Adapter-F,1,0.812,0.82,0.756,0.764,0.964,0.09
Tip-Adapter-F,4,0.872,0.891,0.838,0.849,0.987,0.074
Tip-Adapter-F,16,0.937,0.936,0.919,0.925,0.993,0.027
Tip-Adapter-F,full,0.906,0.903,0.882,0.888,0.989,0.097
GraphAdapter,1,0.799,0.841,0.736,0.745,0.969,0.125
GraphAdapter,4,0.834,0.856,0.763,0.785,0.968,0.218
GraphAdapter,16,0.902,0.902,0.879,0.884,0.99,0.113
GraphAdapter,full,0.954,0.955,0.938,0.945,0.997,0.021
CoOp,1,0.759,0.785,0.676,0.687,0.942,0.092
CoOp,4,0.855,0.873,0.814,0.828,0.978,0.053
CoOp,16,0.957,0.96,0.942,0.95,0.996,0.01
CoOp,full,0.975,0.971,0.971,0.97,0.999,0.006
Base paper (Ahmad et al. 2025),1,0.676,0.679,0.601,0.609,0.9,0.064
Base paper (Ahmad et al. 2025),4,0.763,0.82,0.702,0.709,0.955,0.113
Base paper (Ahmad et al. 2025),16,0.849,0.859,0.801,0.82,0.95,0.122
Base paper (Ahmad et al. 2025),full,0.751,0.839,0.674,0.662,0.949,0.161
Linear probe,1,0.492,0.53,0.459,0.423,0.785,0.186
Linear probe,4,0.75,0.808,0.74,0.736,0.953,0.108
Linear probe,16,0.94,0.942,0.92,0.929,0.994,0.068
Linear probe,full,0.973,0.97,0.967,0.967,0.999,0.02
EfficientNet-B0 (fine-tuned),1,0.309,0.303,0.286,0.27,0.554,0.5
EfficientNet-B0 (fine-tuned),4,0.466,0.445,0.433,0.422,0.69,0.357
EfficientNet-B0 (fine-tuned),16,0.578,0.556,0.572,0.55,0.81,0.226
EfficientNet-B0 (fine-tuned),full,0.906,0.895,0.9,0.892,0.988,0.094
