method,variant,K,mean,std,count
CLAP,best-epoch,1,0.7039854323685638,0.09854365602713763,3
CLAP,best-epoch,2,0.7593804573807379,0.025630123671804412,3
CLAP,best-epoch,4,0.8054980205234002,0.03320460664468166,3
CLAP,best-epoch,8,0.884688330336739,0.03820153399039963,3
CLAP,best-epoch,16,0.9361380524882499,0.011335162069481038,3
CLAP,best-epoch,full,0.9731092634650094,0.007561553718656318,3
CLAP,last-epoch,1,0.6843362979926916,0.11912595113287641,3
CLAP,last-epoch,2,0.7202951262102258,0.032135644863212284,3
CLAP,last-epoch,4,0.7991552137248723,0.030786977231975373,3
CLAP,last-epoch,8,0.8810532082501137,0.03662683524662514,3
CLAP,last-epoch,16,0.9367654804794922,0.010586127267555857,3
CLAP,last-epoch,full,0.9658563120365526,0.003956672191629724,3
CLIP-Adapter,best-epoch,1,0.7865323377523298,0.03455030199394719,3
CLIP-Adapter,best-epoch,2,0.8034448219777929,0.023340754055338437,3
CLIP-Adapter,best-epoch,4,0.8114696253536665,0.017976359694919498,3
CLIP-Adapter,best-epoch,8,0.8960640819886866,0.0472439547157886,3
CLIP-Adapter,best-epoch,16,0.9472011448597085,0.00884365058923542,3
CLIP-Adapter,best-epoch,full,0.9775397855445543,0.003006176822497969,3
CLIP-Adapter,last-epoch,1,0.7805849709563413,0.04054082215947235,3
CLIP-Adapter,last-epoch,2,0.7801785047634215,0.04690590551878684,3
CLIP-Adapter,last-epoch,4,0.7956961752123283,0.025801857597588886,3
CLIP-Adapter,last-epoch,8,0.8904828885547923,0.04991449173927464,3
CLIP-Adapter,last-epoch,16,0.9438954757519159,0.011001171207679301,3
CLIP-Adapter,last-epoch,full,0.9801190362620825,0.00416055616303319,3
CoOp,best-epoch,1,0.6661575931242979,0.06933569302966083,3
CoOp,best-epoch,2,0.7063059277810773,0.05580440631959577,3
CoOp,best-epoch,4,0.8130120808815325,0.047509516894142304,3
CoOp,best-epoch,8,0.8861828561899557,0.030736371380191724,3
CoOp,best-epoch,16,0.9434093196019276,0.005631210897214571,3
CoOp,best-epoch,full,0.967728797393317,0.015299352213255783,3
CoOp,last-epoch,1,0.661844462643835,0.061373583466691806,3
CoOp,last-epoch,2,0.7153342957607944,0.061304138564116026,3
CoOp,last-epoch,4,0.8072380752245611,0.03477173654415599,3
CoOp,last-epoch,8,0.876538296354028,0.033083073340469116,3
CoOp,last-epoch,16,0.9411916152203782,0.011043880569035217,3
CoOp,last-epoch,full,0.9671781137559962,0.01500278154572724,3
GraphAdapter,best-epoch,1,0.7949159639628337,0.025804211119307283,3
GraphAdapter,best-epoch,2,0.8047808238409996,0.03379031320143597,3
GraphAdapter,best-epoch,4,0.8075441998240581,0.013950835053409114,3
GraphAdapter,best-epoch,8,0.8527199979274345,0.016469947307040846,3
GraphAdapter,best-epoch,16,0.8955698017405759,0.015937205147192293,3
GraphAdapter,best-epoch,full,0.9535957909054359,0.01478136833057905,3
GraphAdapter,last-epoch,1,0.7480819458547988,0.04799219318766735,3
GraphAdapter,last-epoch,2,0.7796124556986749,0.03199299480157017,3
GraphAdapter,last-epoch,4,0.7728774498497266,0.04299613770578033,3
GraphAdapter,last-epoch,8,0.8189584942149694,0.014851206282641818,3
GraphAdapter,last-epoch,16,0.8830619062296975,0.020315863826810096,3
GraphAdapter,last-epoch,full,0.8932573414694703,0.08782840953432623,3
PRGA,as-is,1,0.7817187000294233,0.05460744724453534,3
PRGA,as-is,2,0.8273023530222998,0.049462380443446426,3
PRGA,as-is,4,0.8711941087207116,0.02169907240724092,3
PRGA,as-is,8,0.8876371068773105,0.05933783620215506,3
PRGA,as-is,16,0.9321404130691046,0.01811810879649213,3
PRGA,as-is,full,0.984913933982118,0.0013121852588794413,3
PRGA + DINOv2 cache,as-is,1,0.7932772759400036,0.06349701212955257,3
PRGA + DINOv2 cache,as-is,2,0.8621598748673903,0.010313132621092501,3
PRGA + DINOv2 cache,as-is,4,0.8897971063230101,0.024090860252967854,3
PRGA + DINOv2 cache,as-is,8,0.9300727218309784,0.03044742569996521,3
PRGA + DINOv2 cache,as-is,16,0.9548405443556351,0.017358217145617867,3
PRGA + DINOv2 cache,as-is,full,0.984913933982118,0.0013121852588794413,3
PlantCaFo-style cache,best-epoch,1,0.7955047090092643,0.05155456608411228,3
PlantCaFo-style cache,best-epoch,2,0.8688254375546697,0.012209387811993518,3
PlantCaFo-style cache,best-epoch,4,0.8811913202241728,0.035326263861642226,3
PlantCaFo-style cache,best-epoch,8,0.9243175798791685,0.02679758922527117,3
PlantCaFo-style cache,best-epoch,16,0.942619315386918,0.020956941608309663,3
PlantCaFo-style cache,best-epoch,full,0.9735356888457329,0.01395965328433275,3
PlantCaFo-style cache,last-epoch,1,0.7984059150656817,0.051202823407680606,3
PlantCaFo-style cache,last-epoch,2,0.868610221478189,0.015544371981428013,3
PlantCaFo-style cache,last-epoch,4,0.880068081494875,0.035669200441705184,3
PlantCaFo-style cache,last-epoch,8,0.9234755800272976,0.02769194577607011,3
PlantCaFo-style cache,last-epoch,16,0.9352275343210468,0.027570348899983003,3
PlantCaFo-style cache,last-epoch,full,0.964711335741857,0.001452175252660944,3
TaskRes,best-epoch,1,0.7411793838673592,0.09730064251677353,3
TaskRes,best-epoch,2,0.7785798148569638,0.042541096646258963,3
TaskRes,best-epoch,4,0.8367521340697645,0.017981406410847275,3
TaskRes,best-epoch,8,0.879646756775684,0.04666580707589763,3
TaskRes,best-epoch,16,0.9420570206021047,0.009963903990105326,3
TaskRes,best-epoch,full,0.9721425275411005,0.013508744134150232,3
TaskRes,last-epoch,1,0.6920960733352954,0.0924366296791044,3
TaskRes,last-epoch,2,0.7527051541218385,0.019723481055970372,3
TaskRes,last-epoch,4,0.8238888311310232,0.01691253113453521,3
TaskRes,last-epoch,8,0.8750327311843865,0.04674688493020593,3
TaskRes,last-epoch,16,0.9385955202569014,0.011175085693969572,3
TaskRes,last-epoch,full,0.9711781090385051,0.011578966061523869,3
Tip-Adapter-F,best-epoch,1,0.759433715633743,0.03296195281396023,3
Tip-Adapter-F,best-epoch,2,0.8081522806898405,0.05360535456183444,3
Tip-Adapter-F,best-epoch,4,0.8272278318777629,0.025786888109313868,3
Tip-Adapter-F,best-epoch,8,0.8691638919143374,0.05406885652429046,3
Tip-Adapter-F,best-epoch,16,0.9234196060789271,0.006450046895824924,3
Tip-Adapter-F,best-epoch,full,0.9353705959455282,0.011824326687819204,3
Tip-Adapter-F,last-epoch,1,0.7581013742482892,0.0342787145194484,3
Tip-Adapter-F,last-epoch,2,0.8091250047506948,0.05313748430594844,3
Tip-Adapter-F,last-epoch,4,0.8243410175563124,0.028246883875522488,3
Tip-Adapter-F,last-epoch,8,0.8767962836336448,0.03590173887689591,3
Tip-Adapter-F,last-epoch,16,0.9196267620482148,0.004532241179521745,3
Tip-Adapter-F,last-epoch,full,0.8956388893762842,0.005201352112190976,3
