method,K,f1_mean,f1_std,acc_mean,acc_std
BasePaperExact,1,0.609015650854715,0.05694195088753041,0.6764757400595548,0.07620638991493564
BasePaperExact,16,0.8200683914517494,0.03029039189990888,0.8491854965843405,0.0267304725229711
BasePaperExact,2,0.6778871012071367,0.03930947487742063,0.7500437905062177,0.032721882563639
BasePaperExact,4,0.7089520187884434,0.02445790798624498,0.7630933613592571,0.055497949496176424
BasePaperExact,8,0.7920177828735376,0.07890604171155147,0.8192327903310558,0.06769534967654105
BasePaperExact,full,0.6621221156948996,0.12588965657109732,0.7508758101243647,0.036150886336451984
BasePaperExact-A1,1,0.6085037962261987,0.05615115992616857,0.6761254160098087,0.07559975288578619
BasePaperExact-A1,16,0.8208215795565713,0.03168305637915915,0.849667192152741,0.027482197433224897
BasePaperExact-A1,2,0.6772101576151107,0.03838330137829104,0.7475039411455594,0.029901669880774806
BasePaperExact-A1,4,0.708353831425117,0.02384900395343548,0.762699246803293,0.054986840835700664
BasePaperExact-A1,8,0.7986688507970087,0.08197508073227024,0.8240935365212817,0.07020784521883436
BasePaperExact-A1,full,0.6613905808531237,0.12579753431838667,0.7504379050621823,0.03665744052629065
BasePaperExact-A2,1,0.6147848825672771,0.05711150911319868,0.6854527938342964,0.06922684885942318
BasePaperExact-A2,16,0.8167537233898338,0.028013761550858135,0.8475214573480466,0.026384861109251343
BasePaperExact-A2,2,0.6787655512001014,0.038634439856534655,0.7495620949378173,0.03193417974658791
BasePaperExact-A2,4,0.7080254792804475,0.025833476753016577,0.7624802942722018,0.05619753575017216
BasePaperExact-A2,8,0.7982514232806387,0.0833862080075906,0.8237432124715361,0.07069647334568153
BasePaperExact-A2,full,0.6626303456703467,0.123947990524943,0.7521895253109124,0.033130723217790696
BasePaperExact-aggFig1,1,0.6086685354828981,0.05640536342219543,0.6762129970222451,0.07575141192979215
BasePaperExact-aggFig1,16,0.8209347694953354,0.03133534395797426,0.8497547731651774,0.027367349744728493
BasePaperExact-aggFig1,2,0.6785384199136807,0.0400021120683492,0.7499999999999997,0.032548072554423456
BasePaperExact-aggFig1,4,0.7082143994005995,0.024998264914304062,0.7627430373095111,0.05562509628960777
BasePaperExact-aggFig1,8,0.7997331676350791,0.08205718930490756,0.8252758801891744,0.07008347316681081
BasePaperExact-aggFig1,full,0.6614371766506024,0.12573447985709948,0.7503503240497458,0.03619048894271399
BasePaperExact-bal,1,0.609015650854715,0.05694195088753041,0.6764757400595548,0.07620638991493564
BasePaperExact-bal,16,0.7872390632426708,0.025117097361148928,0.8336398668768608,0.026307563464503466
BasePaperExact-bal,2,0.6806527361896374,0.039228422241713655,0.743300052548607,0.02595211017490594
BasePaperExact-bal,4,0.692608895937114,0.017304407774108143,0.7573130145384481,0.04853307948190704
BasePaperExact-bal,8,0.784069721002879,0.07517070963122627,0.8211157820984406,0.06322919972784678
BasePaperExact-bal,full,0.8434237619957,0.010747039222245345,0.8651690313540018,0.007626717292146606
BasePaperExact-desc,1,0.7737505601698184,0.02116382587202478,0.8191452093186194,0.014567634422226285
BasePaperExact-desc,16,0.8347771824386795,0.03487571249882677,0.86446838325451,0.025312238396551945
BasePaperExact-desc,2,0.7972244140899086,0.03427042530026296,0.8421790155894198,0.022142369714655354
BasePaperExact-desc,4,0.7936167571068301,0.014256361016403922,0.8374058504116304,0.020555060244804125
BasePaperExact-desc,8,0.8302296918851257,0.0651321034010087,0.8568488351725344,0.05070503830668853
BasePaperExact-desc,full,0.7010182190359444,0.11904617340875559,0.780346820809248,0.04330500261232948
BasePaperExact-legacyWin,1,0.6158767953261997,0.06779719642459517,0.6789717989139951,0.08006297423136428
BasePaperExact-legacyWin,16,0.8117325499957091,0.026992197125576396,0.8469083902609911,0.021305015122136974
BasePaperExact-legacyWin,2,0.6792579289911558,0.04151404021578669,0.7458399019092661,0.028594462885508327
BasePaperExact-legacyWin,4,0.7223090413035164,0.03077243820514548,0.7705377474163596,0.058858887662588906
BasePaperExact-legacyWin,8,0.7947007899869257,0.08035771470575585,0.8266771763881587,0.06410194244039648
BasePaperExact-legacyWin,full,0.6732408467094083,0.13109300540621927,0.7658083727447886,0.04488069733927918
BasePaperExact-noEdges,1,0.6117651012143838,0.061423583202407483,0.6752058153792254,0.07579821662122109
BasePaperExact-noEdges,16,0.7932810269833643,0.01628185843410781,0.838763356104396,0.01289405488205975
BasePaperExact-noEdges,2,0.6844451908378825,0.047011053684768316,0.7445699772289364,0.04062425696050089
BasePaperExact-noEdges,4,0.7089240885625391,0.05957278522726313,0.7666841828691537,0.059176708515160846
BasePaperExact-noEdges,8,0.7789742641017,0.08045702069674342,0.8162550359082145,0.06642897109478879
BasePaperExact-noEdges,full,0.560443228324885,0.04334001699861806,0.6993781748117004,0.03806994594987585
BasePaperExact-noGraph,1,0.651162988176054,0.09161154729369461,0.7144421089507791,0.07195710293318507
BasePaperExact-noGraph,16,0.9087604091049711,0.007677816982500294,0.920782974251182,0.0047675373913883615
BasePaperExact-noGraph,2,0.69523890543951,0.030740698681381975,0.7474163601331231,0.028968636240785363
BasePaperExact-noGraph,4,0.7891964635490254,0.009082058192283207,0.820984410579786,0.02509241859820118
BasePaperExact-noGraph,8,0.8609996152336942,0.023538172476738086,0.8793133648624973,0.01654151232385992
BasePaperExact-noGraph,full,0.9455813306259687,0.007357448679601568,0.9535382729024341,0.005304438572041851
BasePaperExact-rhoLastId,1,0.6162892955709414,0.059947738122837706,0.6794097039761778,0.07604338350904286
BasePaperExact-rhoLastId,16,0.8111954995458278,0.040699523659029346,0.8450691889998247,0.029969507108456618
BasePaperExact-rhoLastId,2,0.6819375531815374,0.045669392991163245,0.7517954107549482,0.03479791574044792
BasePaperExact-rhoLastId,4,0.7249318469233618,0.05310882218508849,0.7695743562795582,0.07988976302446635
BasePaperExact-rhoLastId,8,0.8231965563167094,0.05477450607612139,0.847477666841828,0.04571068168809678
BasePaperExact-rhoLastId,full,0.812267496092448,0.04319235424029064,0.8349973725696264,0.05007805783511924
CLAP-clip,1,0.6885895559311411,0.10784253235885469,0.772070415133999,0.05736243755516385
CLAP-clip,16,0.9371795268900213,0.010294774649228454,0.9459625153266772,0.009289678810033694
CLAP-clip,2,0.737324535126359,0.03224701661493833,0.7715887195655982,0.04832353294537391
CLAP-clip,4,0.8234594342706828,0.038509212487581476,0.844062007356805,0.05883581667091513
CLAP-clip,8,0.8826079384106039,0.03960337314713192,0.8960851287440882,0.039471184377385275
CLAP-clip,full,0.9665786424826711,0.00399134662499678,0.9717551234892277,0.0032921608213719268
CLIPAdapter-clip,1,0.7804218713563457,0.04097845008994599,0.8256699947451392,0.022120794912930064
CLIPAdapter-clip,16,0.9443849726154978,0.0059256238544670905,0.9520931861972324,0.004968437720434208
CLIPAdapter-clip,2,0.7834321238329917,0.055373395339721646,0.814853739709231,0.033303219798400036
CLIPAdapter-clip,4,0.8326649654041008,0.018705652944025465,0.8591259414958836,0.008391682462595088
CLIPAdapter-clip,8,0.8911555867911707,0.039325726295783014,0.90230338062708,0.04249646962873824
CLIPAdapter-clip,full,0.9801615667229835,0.003768527563221961,0.9833596076370643,0.002861165917659631
CoOp-clip,1,0.686779614316269,0.04238670460910487,0.7594587493431425,0.006315404803847591
CoOp-clip,16,0.9495858858606537,0.0023447109653619348,0.9571290944123314,0.0011017468580670727
CoOp-clip,2,0.62796338228361,0.032669212118802575,0.6926782273603083,0.034953054291108156
CoOp-clip,4,0.827784194992098,0.041631226668903905,0.8552723769486775,0.02854311417497022
CoOp-clip,8,0.8687009331809521,0.04435510438024734,0.8859695218076721,0.04771897495256792
CoOp-clip,full,0.9702439231718522,0.009343620617366358,0.9751269924680329,0.008066610627753748
EfficientNetB0-finetune,1,0.2696992485158386,0.013888260114981982,0.3086792783324575,0.04684298921891669
EfficientNetB0-finetune,16,0.5503507527263888,0.02035256576387985,0.5778157295498336,0.015549268211067828
EfficientNetB0-finetune,2,0.32629051555046723,0.04482241365022006,0.372394464880014,0.04431337430484363
EfficientNetB0-finetune,4,0.4219733649231067,0.052398314738257706,0.46614993869329124,0.04164297554965952
EfficientNetB0-finetune,8,0.48822223683958793,0.045668901780167415,0.5246540550008758,0.05571551652377549
EfficientNetB0-finetune,full,0.8916895328559775,0.018077324201853737,0.9064196882115958,0.015416061953571683
GraphAdapterLite-clip,1,0.7447637180512775,0.047505226641103425,0.7993519005079698,0.04884341711348534
GraphAdapterLite-clip,16,0.8844008872554415,0.022802760798711495,0.9021720091084253,0.016524810399250616
GraphAdapterLite-clip,2,0.7665546838631409,0.046957174103051724,0.8224732877912069,0.021901776922649042
GraphAdapterLite-clip,4,0.7850224957100612,0.0378318667762901,0.8340777719390436,0.017073749343878127
GraphAdapterLite-clip,8,0.826119377082228,0.011085108147307274,0.8512436503765984,0.011824409761245535
GraphAdapterLite-clip,full,0.9445473740980465,0.013598289953113851,0.9543265020143634,0.010928604949754948
LinearProbe-clip,1,0.4228804786291163,0.09453227031457803,0.49229287090558765,0.09680327957572188
LinearProbe-clip,16,0.9288235807608469,0.012422300441488525,0.9404449115431776,0.008794372256983507
LinearProbe-clip,2,0.5679154528482954,0.08904924146121049,0.6089507794710106,0.08272706983815126
LinearProbe-clip,4,0.7355320734628981,0.07700172616183656,0.7502189525310913,0.09079400470259757
LinearProbe-clip,8,0.8619520448357262,0.05160287330654075,0.876904887020494,0.051999728016328906
LinearProbe-clip,full,0.9674369440557097,0.010900972105941365,0.9727623051322473,0.009478191808350914
PRGA-clip,1,0.7991129755192148,0.047069351483503025,0.8476528288667017,0.02392164372894184
PRGA-clip,16,0.9370530737141428,0.013203869432594948,0.9467507444386056,0.010404369935549208
PRGA-clip,2,0.8196374426715063,0.04402954906695405,0.8555789104922052,0.027476859021151268
PRGA-clip,4,0.8898791114401944,0.016546898481322393,0.9079523559292345,0.008787501013542247
PRGA-clip,8,0.8857139980905521,0.06495814871519648,0.8989315116482747,0.05936689441984337
PRGA-clip,full,0.9831224939191818,0.00242646060853471,0.9855491329479769,0.0023646873357855425
PRGA-v0-clip,1,0.7957573580789677,0.020271293287006824,0.8364424592748292,0.012344030291670392
PRGA-v0-clip,16,0.9147641628315569,0.031263539194390635,0.9258626729724996,0.025579466211472505
PRGA-v0-clip,2,0.8023646611810058,0.05765856680226542,0.846120161149063,0.030301100168671165
PRGA-v0-clip,4,0.8379325674841113,0.05952906278830503,0.8656507269224032,0.049146703763784896
PRGA-v0-clip,8,0.8377520798868426,0.03407062605660628,0.8672271851462603,0.021989070331014725
PRGA-v0-clip,full,0.9795810028027699,0.0020261085691711516,0.9827027500437905,0.0018124191703078277
PRGA2Bft-clip,1,0.8130038239404901,0.05930923407283393,0.8579873883342084,0.03267851672939612
PRGA2Bft-clip,16,0.9622202648489745,0.015620035995085413,0.9689963215974774,0.010838747415834328
PRGA2Bft-clip,2,0.8576620453884871,0.02900443018543867,0.8749781047468904,0.037328317972635625
PRGA2Bft-clip,4,0.9048603835536323,0.01602108310796575,0.9211332983009285,0.00732663721749464
PRGA2Bft-clip,8,0.9297391527125957,0.040366593035325804,0.9396128919250305,0.03667509143317914
PRGA2Bft-clip,full,0.9854277748795948,0.0009764949690586065,0.9878262392713258,0.0012206480876479045
PaperGraphCtrl-grid-desc,1,0.7690738309823607,0.020887782201687154,0.8169994745139254,0.007423362687644016
PaperGraphCtrl-grid-desc,16,0.8238020265104321,0.008825865316043902,0.8578122263093362,0.00939497730959184
PaperGraphCtrl-grid-desc,2,0.7907272607897414,0.025396331845957562,0.8378875459800316,0.017731262101697294
PaperGraphCtrl-grid-desc,4,0.7869120199173437,0.011032876115573883,0.8332457523208968,0.020581491336880763
PaperGraphCtrl-grid-desc,8,0.8208789589029211,0.06291959945942024,0.8470835522858643,0.052334858230181996
PaperGraphCtrl-grid-desc,full,0.5953944674603338,0.10725687325150644,0.7382641443335084,0.0489605864275397
PaperGraphCtrl-grid-desc-bal,1,0.7690738309823607,0.020887782201687154,0.8169994745139254,0.007423362687644016
PaperGraphCtrl-grid-desc-bal,16,0.8272800510189094,0.009953501024553689,0.8658258889472762,0.007033387860330556
PaperGraphCtrl-grid-desc-bal,2,0.7932657054078865,0.029767250045246458,0.8384568225608687,0.020712724279702707
PaperGraphCtrl-grid-desc-bal,4,0.7832913250998498,0.014443782874300457,0.8344718864950078,0.016712088909250904
PaperGraphCtrl-grid-desc-bal,8,0.8230463006008626,0.05797643475469792,0.8549220528989315,0.04387913609255278
PaperGraphCtrl-grid-desc-bal,full,0.8696250578028226,0.012939611550639357,0.8884655806621126,0.008647599443422109
PaperGraphCtrl-regions+text-desc,1,0.7682296923606972,0.02274147827201161,0.8181380276755998,0.007140538542312269
PaperGraphCtrl-regions+text-desc,16,0.8259465648495082,0.02613381362624295,0.8616657908565423,0.02122656426927913
PaperGraphCtrl-regions+text-desc,2,0.7958008860712736,0.028390440626991743,0.837624802942722,0.02223673972061058
PaperGraphCtrl-regions+text-desc,4,0.7846858959832966,0.010957728293442975,0.8319320371343494,0.016524810399250637
PaperGraphCtrl-regions+text-desc,8,0.8265460105868917,0.04681813112557144,0.8529514801191102,0.038304279449546154
PaperGraphCtrl-regions+text-desc,full,0.5794202285530085,0.10944395790128125,0.7296374146085128,0.05632529924312843
PaperGraphCtrl-regions+text-desc-bal,1,0.7682296923606972,0.02274147827201161,0.8181380276755998,0.007140538542312269
PaperGraphCtrl-regions+text-desc-bal,16,0.8244166256408856,0.020988781990270485,0.8628481345244351,0.01440061965953202
PaperGraphCtrl-regions+text-desc-bal,2,0.7895018008783357,0.020737380658327104,0.8331581713084604,0.017407098023969225
PaperGraphCtrl-regions+text-desc-bal,4,0.7818238542532505,0.014541840114273591,0.8340777719390436,0.014647777051777638
PaperGraphCtrl-regions+text-desc-bal,8,0.8302514335319073,0.044596135223305536,0.8606586092135226,0.03154731406732168
PaperGraphCtrl-regions+text-desc-bal,full,0.8671804615204447,0.010987281914074684,0.8869329129444736,0.007243722772361005
PaperGraphCtrl-regions-desc,1,0.7695216234967779,0.01954782621919213,0.8169994745139254,0.008526001439615313
PaperGraphCtrl-regions-desc,16,0.8271226367454801,0.02397236121813009,0.8602644946575583,0.02222949471277125
PaperGraphCtrl-regions-desc,2,0.7854877148684946,0.022265366669999738,0.8301804168856192,0.017893713923483465
PaperGraphCtrl-regions-desc,4,0.777927415548124,0.01441591267113175,0.8317568751094763,0.015802488437584958
PaperGraphCtrl-regions-desc,8,0.8284191917761389,0.06690290269901589,0.853258013662638,0.05425643720441405
PaperGraphCtrl-regions-desc,full,0.5830439789426337,0.10484382307907383,0.7311262918199334,0.0458426995971592
PaperGraphCtrl-regions-desc-bal,1,0.7695216234967779,0.01954782621919213,0.8169994745139254,0.008526001439615313
PaperGraphCtrl-regions-desc-bal,16,0.8185927566570808,0.021050229519059882,0.8586880364337012,0.01361222796732126
PaperGraphCtrl-regions-desc-bal,2,0.7968168564795977,0.03199395617699808,0.8405149763531267,0.02174466519876674
PaperGraphCtrl-regions-desc-bal,4,0.7795850019731926,0.013420303771101419,0.8325013137151865,0.017757522727520958
PaperGraphCtrl-regions-desc-bal,8,0.8278037937533848,0.05381079292844866,0.8576808547906815,0.04213163321658367
PaperGraphCtrl-regions-desc-bal,full,0.8696249743483969,0.012571695088007399,0.8885969521807672,0.008539148712559074
PlantCaFoLite-clip,1,0.79713576672287,0.05302123940383018,0.8331581713084604,0.038794434311825304
PlantCaFoLite-clip,16,0.9434942116176478,0.02607435838215164,0.9543265020143631,0.01900593732753373
PlantCaFoLite-clip,2,0.8674040756225772,0.017102310709586448,0.8889472762305132,0.016184487689354658
PlantCaFoLite-clip,4,0.8910781562558722,0.02569647593138163,0.9082150989665441,0.012861220236890108
PlantCaFoLite-clip,8,0.9299151086893686,0.025388346957028844,0.9423279033105624,0.017960461388899767
PlantCaFoLite-clip,full,0.9675329255618422,0.0045805260040939705,0.9718427045016641,0.004142544855940505
TaskRes-clip,1,0.6938919113119703,0.08564385172856873,0.758363986687686,0.06149707388759851
TaskRes-clip,16,0.9404179459995076,0.006776193160499987,0.948721317218427,0.006170733399753342
TaskRes-clip,2,0.761200696504098,0.034860097121292684,0.7979506043089858,0.03615295501572412
TaskRes-clip,4,0.842960882811909,0.01966250327800041,0.8628481345244351,0.03440855571151997
TaskRes-clip,8,0.8835003260478874,0.045382102379107066,0.8972674724119812,0.04618675845771863
TaskRes-clip,full,0.9750329085077313,0.009689253137927675,0.9792433000525488,0.008194676917367692
TipAdapter-clip,1,0.7656284243470616,0.017695296155609566,0.8133210719915921,0.013664532590244437
TipAdapter-clip,16,0.8126493081073879,0.015970317849441577,0.8568926256787529,0.008323537417632188
TipAdapter-clip,2,0.7917523744501623,0.04115987676869987,0.8386319845857418,0.02783226878524055
TipAdapter-clip,4,0.7879991009500541,0.02775891310135543,0.8404273953406901,0.023161783569609157
TipAdapter-clip,8,0.801501688434286,0.03718393282429949,0.8454195130495709,0.029078643739676113
TipAdapter-clip,full,0.8387452775443291,0.009734418595556493,0.8698108250131371,0.005350870166688482
TipAdapterF-bioclip,1,0.39717200153227844,0.038901947563003546,0.49470134874759153,0.04641977492996936
TipAdapterF-bioclip,16,0.7076077446880825,0.04965298500876886,0.7549045366964443,0.03181804440754357
TipAdapterF-bioclip,2,0.4701929101957747,0.006278175673663728,0.5516290068313189,0.0480805400519014
TipAdapterF-bioclip,4,0.5109100671867566,0.041003495121677024,0.6185409003328078,0.010529681956005878
TipAdapterF-bioclip,8,0.5771053804983914,0.04765295719372544,0.6514713610089332,0.05389051208558438
TipAdapterF-bioclip,full,0.5909867545290837,0.03420446246833337,0.6110527237694868,0.03621122722743885
TipAdapterF-clip,1,0.7641467644471679,0.033349038921388484,0.8116570327552987,0.015646636496721173
TipAdapterF-clip,16,0.9252090295695726,0.0025165916331579942,0.9372482045892451,0.0016892013944636805
TipAdapterF-clip,2,0.8040674175466762,0.05796344669666618,0.846120161149063,0.04071782461614011
TipAdapterF-clip,4,0.8488291269861209,0.01562715545625656,0.8722630933613592,0.004600504787025812
TipAdapterF-clip,8,0.8881028249698292,0.009126368316495985,0.9013399894902786,0.009013081943796072
TipAdapterF-clip,full,0.8879214705090717,0.018758316259091693,0.9055876685934489,0.01453679923202208
TipAdapterF-clip-template,1,0.606722130392667,0.039492375564151284,0.6742424242424242,0.07190407788285119
TipAdapterF-clip-template,16,0.9169386367933293,0.003896063108013459,0.930285514100543,0.0027252334703979646
TipAdapterF-clip-template,2,0.6819499225504897,0.0559938742424434,0.7387020493956911,0.07247887053498141
TipAdapterF-clip-template,4,0.7930563096438711,0.020613391083128676,0.820415133998949,0.04105039398940483
TipAdapterF-clip-template,8,0.8560211285576965,0.037868135069593335,0.8709931686810299,0.03998164346985547
TipAdapterF-clip-template,full,0.8558370935383045,0.014921589425960741,0.8830355578910493,0.009420660060384693
TipAdapterF-scold,1,0.21628223111154585,0.03220481917241391,0.2226747241198108,0.03217368687025505
TipAdapterF-scold,16,0.6301912629356469,0.03490221744701551,0.7076983709931687,0.02960060073141156
TipAdapterF-scold,2,0.23680749548587313,0.02155431568019967,0.23883342091434576,0.02186339423283939
TipAdapterF-scold,4,0.3252003908568703,0.044130267151464085,0.34866001050972145,0.05827670774603807
TipAdapterF-scold,8,0.47445833815109095,0.011414311294178657,0.4977666841828692,0.02001120727553887
TipAdapterF-scold,full,0.4342685317344408,0.04555402523080289,0.5143194955333684,0.03436790411204558
ZeroShot-bioclip,1,0.3216863796007816,0.0,0.4220966894377299,0.0
ZeroShot-clip,1,0.7508079738746352,0.0,0.8102995270625328,0.0
ZeroShot-clip-paperprompt,1,0.5478510644719616,0.0,0.6194167104571728,0.0
ZeroShot-clip-template,1,0.5527900305219438,0.0,0.6106148187073043,0.0
ZeroShot-scold,1,0.1226151985226169,0.0,0.1364950078822911,0.0
