backbone,centre,K,method,val_f1,test_f1
clip_b16,False,4,Tip-Adapter-F,0.6545,0.6046
clip_b16,False,4,PRGA (tile nodes),0.437,0.4568
clip_b16,False,4,Mite prototype (support boxes),0.6398,0.5395
clip_b16,False,4,PlantCaFo-style + dinov2_s,0.7058,0.5914
clip_b16,False,4,PRGA (tile nodes) + dinov2_s cache,0.5036,0.3808
clip_b16,False,4,PlantCaFo-style + dinov2_b,0.7213,0.5677
clip_b16,False,4,PRGA (tile nodes) + dinov2_b cache,0.515,0.3803
clip_b16,False,16,Tip-Adapter-F,0.7075,0.5947
clip_b16,False,16,PRGA (tile nodes),0.6911,0.5669
clip_b16,False,16,Mite prototype (support boxes),0.5189,0.5089
clip_b16,False,16,PlantCaFo-style + dinov2_s,0.6573,0.5567
clip_b16,False,16,PRGA (tile nodes) + dinov2_s cache,0.7151,0.5695
clip_b16,False,16,PlantCaFo-style + dinov2_b,0.6239,0.5414
clip_b16,False,16,PRGA (tile nodes) + dinov2_b cache,0.7017,0.5651
clip_b16,True,4,Tip-Adapter-F,0.6327,0.546
clip_b16,True,4,PRGA (tile nodes),0.678,0.5587
clip_b16,True,4,Mite prototype (support boxes),0.6192,0.5339
clip_b16,True,4,PlantCaFo-style + dinov2_s,0.6359,0.5311
clip_b16,True,4,PRGA (tile nodes) + dinov2_s cache,0.6803,0.5198
clip_b16,True,4,PlantCaFo-style + dinov2_b,0.638,0.5306
clip_b16,True,4,PRGA (tile nodes) + dinov2_b cache,0.6846,0.5521
clip_b16,True,16,Tip-Adapter-F,0.6388,0.5677
clip_b16,True,16,PRGA (tile nodes),0.6769,0.5357
clip_b16,True,16,Mite prototype (support boxes),0.5523,0.533
clip_b16,True,16,PlantCaFo-style + dinov2_s,0.62,0.5541
clip_b16,True,16,PRGA (tile nodes) + dinov2_s cache,0.6769,0.5357
clip_b16,True,16,PlantCaFo-style + dinov2_b,0.617,0.5682
clip_b16,True,16,PRGA (tile nodes) + dinov2_b cache,0.6769,0.5357
clip_l14,False,4,Tip-Adapter-F,0.6058,0.5184
clip_l14,False,4,PRGA (tile nodes),0.7496,0.6615
clip_l14,False,4,Mite prototype (support boxes),0.5973,0.5879
clip_l14,False,4,PlantCaFo-style + dinov2_s,0.8647,0.654
clip_l14,False,4,PRGA (tile nodes) + dinov2_s cache,0.7496,0.6615
clip_l14,False,4,PlantCaFo-style + dinov2_b,0.8658,0.6119
clip_l14,False,4,PRGA (tile nodes) + dinov2_b cache,0.7496,0.6615
clip_l14,False,16,Tip-Adapter-F,0.7942,0.6802
clip_l14,False,16,PRGA (tile nodes),0.8284,0.7069
clip_l14,False,16,Mite prototype (support boxes),0.6287,0.5589
clip_l14,False,16,PlantCaFo-style + dinov2_s,0.853,0.6866
clip_l14,False,16,PRGA (tile nodes) + dinov2_s cache,0.8604,0.6867
clip_l14,False,16,PlantCaFo-style + dinov2_b,0.8139,0.6481
clip_l14,False,16,PRGA (tile nodes) + dinov2_b cache,0.8656,0.6624
clip_l14,True,4,Tip-Adapter-F,0.8441,0.6734
clip_l14,True,4,PRGA (tile nodes),0.8306,0.6447
clip_l14,True,4,Mite prototype (support boxes),0.6398,0.5727
clip_l14,True,4,PlantCaFo-style + dinov2_s,0.8496,0.6716
clip_l14,True,4,PRGA (tile nodes) + dinov2_s cache,0.8314,0.6341
clip_l14,True,4,PlantCaFo-style + dinov2_b,0.8484,0.6483
clip_l14,True,4,PRGA (tile nodes) + dinov2_b cache,0.8334,0.6401
clip_l14,True,16,Tip-Adapter-F,0.8516,0.7132
clip_l14,True,16,PRGA (tile nodes),0.7807,0.6113
clip_l14,True,16,Mite prototype (support boxes),0.6276,0.5716
clip_l14,True,16,PlantCaFo-style + dinov2_s,0.8501,0.6806
clip_l14,True,16,PRGA (tile nodes) + dinov2_s cache,0.7807,0.6113
clip_l14,True,16,PlantCaFo-style + dinov2_b,0.8422,0.7062
clip_l14,True,16,PRGA (tile nodes) + dinov2_b cache,0.7807,0.6113
siglip_b16,False,4,Tip-Adapter-F,0.7417,0.6554
siglip_b16,False,4,PRGA (tile nodes),0.5973,0.4668
siglip_b16,False,4,Mite prototype (support boxes),0.662,0.5339
siglip_b16,False,4,PlantCaFo-style + dinov2_s,0.787,0.6582
siglip_b16,False,4,PRGA (tile nodes) + dinov2_s cache,0.5973,0.4668
siglip_b16,False,4,PlantCaFo-style + dinov2_b,0.7875,0.6537
siglip_b16,False,4,PRGA (tile nodes) + dinov2_b cache,0.5973,0.4668
siglip_b16,False,16,Tip-Adapter-F,0.7481,0.6687
siglip_b16,False,16,PRGA (tile nodes),0.7565,0.6086
siglip_b16,False,16,Mite prototype (support boxes),0.5558,0.5093
siglip_b16,False,16,PlantCaFo-style + dinov2_s,0.7617,0.6229
siglip_b16,False,16,PRGA (tile nodes) + dinov2_s cache,0.7976,0.6146
siglip_b16,False,16,PlantCaFo-style + dinov2_b,0.7392,0.6585
siglip_b16,False,16,PRGA (tile nodes) + dinov2_b cache,0.7801,0.6173
siglip_b16,True,4,Tip-Adapter-F,0.7568,0.5987
siglip_b16,True,4,PRGA (tile nodes),0.7242,0.5393
siglip_b16,True,4,Mite prototype (support boxes),0.6582,0.5394
siglip_b16,True,4,PlantCaFo-style + dinov2_s,0.7625,0.6127
siglip_b16,True,4,PRGA (tile nodes) + dinov2_s cache,0.7345,0.5255
siglip_b16,True,4,PlantCaFo-style + dinov2_b,0.7617,0.6098
siglip_b16,True,4,PRGA (tile nodes) + dinov2_b cache,0.734,0.4994
siglip_b16,True,16,Tip-Adapter-F,0.7516,0.639
siglip_b16,True,16,PRGA (tile nodes),0.7622,0.6108
siglip_b16,True,16,Mite prototype (support boxes),0.6122,0.5437
siglip_b16,True,16,PlantCaFo-style + dinov2_s,0.7481,0.6226
siglip_b16,True,16,PRGA (tile nodes) + dinov2_s cache,0.7622,0.6108
siglip_b16,True,16,PlantCaFo-style + dinov2_b,0.7471,0.6173
siglip_b16,True,16,PRGA (tile nodes) + dinov2_b cache,0.7625,0.6068
bioclip,False,4,Tip-Adapter-F,0.6765,0.5653
bioclip,False,4,PRGA (tile nodes),0.6592,0.5184
bioclip,False,4,Mite prototype (support boxes),0.6793,0.5852
bioclip,False,4,PlantCaFo-style + dinov2_s,0.664,0.526
bioclip,False,4,PRGA (tile nodes) + dinov2_s cache,0.6592,0.5184
bioclip,False,4,PlantCaFo-style + dinov2_b,0.6624,0.5411
bioclip,False,4,PRGA (tile nodes) + dinov2_b cache,0.6592,0.5184
bioclip,False,16,Tip-Adapter-F,0.5908,0.5184
bioclip,False,16,PRGA (tile nodes),0.6289,0.575
bioclip,False,16,Mite prototype (support boxes),0.5855,0.5741
bioclip,False,16,PlantCaFo-style + dinov2_s,0.6359,0.5185
bioclip,False,16,PRGA (tile nodes) + dinov2_s cache,0.657,0.562
bioclip,False,16,PlantCaFo-style + dinov2_b,0.6153,0.5798
bioclip,False,16,PRGA (tile nodes) + dinov2_b cache,0.6343,0.5752
bioclip,True,4,Tip-Adapter-F,0.574,0.5083
bioclip,True,4,PRGA (tile nodes),0.6865,0.4848
bioclip,True,4,Mite prototype (support boxes),0.6925,0.5748
bioclip,True,4,PlantCaFo-style + dinov2_s,0.5805,0.494
bioclip,True,4,PRGA (tile nodes) + dinov2_s cache,0.6908,0.4521
bioclip,True,4,PlantCaFo-style + dinov2_b,0.5828,0.4872
bioclip,True,4,PRGA (tile nodes) + dinov2_b cache,0.688,0.4658
bioclip,True,16,Tip-Adapter-F,0.5674,0.5082
bioclip,True,16,PRGA (tile nodes),0.6392,0.5367
bioclip,True,16,Mite prototype (support boxes),0.6486,0.5858
bioclip,True,16,PlantCaFo-style + dinov2_s,0.5651,0.5028
bioclip,True,16,PRGA (tile nodes) + dinov2_s cache,0.647,0.5151
bioclip,True,16,PlantCaFo-style + dinov2_b,0.5633,0.4978
bioclip,True,16,PRGA (tile nodes) + dinov2_b cache,0.6392,0.5367
